T/R,Yordamchi so'z,Turkumi,Xalqaro tegi,O'zbekcha tegi,sof/vazifadosh,shakli,ma'no turi ,uslubiy xoslanishi,sof  turkumi, Yordamchi so'z ishtirok etgan gaplar va olingan manbaa.
1, -a   I ,yuklama,part,Yukl,sof yukl,qo'shimchasimon,so'roq,so'zlashuv,," - Qizim, bugun mehmonlaringni Sultonxonlarnikiga olib chiqasan-a?  Cho'lpon, Kecha va kunduz."
2, -a   II,bog'lovchi,bog'l,Bog'l,vaz.bog'l,qo'shimchasimon,zidlov ,so'zlashuv,yuklama,"""Xo'sh, va'dang qancha? - ""Qirq sentnerdan"". ""A qizlar-chi?"" - ""Yuz"". Oybek, Oltin vodiydan shabadalar."
3,Agar I,yuklama,part,Yukl,sof yukl,so'z shaklda,shart,betaraf,bog'lovchi,"Agar u kelgan bo'lsa, o'zini bildirgan bo'lar edi.Oybek. Tanlangan asarlar"
4,Agar II,bog'lovchi,conj,Bog'l,vaz.bog'l,so'z shaklda,shart,betaraf,yuklama,"Agar arqondan qo'llari chiqib ketsa, to tuman tarqalguncha yo'l topa olmay sarson bo'lib yuraveradilar.S.Ahmad."
5,Agarchi,bog'lovchi,conj,Bog'l,sof bog'l,so'z shaklda,shart,badiiy,,"Agarchi sensizin sabr aylamak, ey yor, mushkuldur. Z.M.Bobur."
6,Agarda,bog'lovchi,conj,Bog'l,sof bog'l,so'z shaklda,shart,so'zlashuv,,Agarda avval boshdanoq kattalarning gapiga quloq tutganimizda bunday ayanchli holga tushmasdik.
7,Ayni,yuklama,part,Yukl,vaz.yukl,so'z shaklda,o'xshatish,so'zlashuv,olmosh,"Chol ayni savolni Matyunusga ham berdi M.Ismoiliy, Farg'ona tong otguncha."
8,Aynan ,yuklama,part,Yukl,sof yukl,so'z shaklda,o'xshatish,so'zlashuv,ravish,Otasining aynan o'zi.
9,Ammo,bog'lovchi,conj,Bog'l,sof bog'l,so'z shaklda,zidlov ,kitobiy,,"Mayli , siz yashirdingiz. Ammo men yashirmayman."
10,Ammo II ,yuklama,part,Yukl,vaz.yukl,so'z shaklda,ta'kid ,so'zlashuv,bog'l,Ammo rossa vaqtida kelibmiz-da.
11,Ammo-lekin,yuklama,part,Yukl,vaz.yukl,so'z shaklda,ta'kid ,badiiy,,"Ammo-lekin Esh qattiq ishladi.S.Ahmad.""Ufq"""
12,Ana,yuklama,part,Yukl,vaz.yukl,so'z shaklda,ta'kid ,so'zlashuv,olmosh,"Ana ko'rdingmi, nima bo'ldi? Ana endi, sendan keladigan ish shu-da. S.Ahmad.Ufq."
13,Aqalli,yuklama,part,Yukl,sof yukl,so'z shaklda,ta'kid ,so'zlashuv,,"Nigoraning beparvogina qaytargan javobi yuzida aqalli qilday ham o'zgarish sezilmagani Xo'jabekovning g'azabini qaynatdi.S.Anorboyev, Oqsoy."
14,Arafasida,ko'makchi,post,Ko'm,vaz.ko'm,so'z shaklda,"payt,zamon",so'zlashuv,ot,"Navro'z arafasida keksalar oq kiyim tayyorlashadi, yoshlar rang-barang gulli ko'ylaklar tiktirishadi.Saodat."
15,Aro ,ko'makchi,post,Ko'm,vaz.ko'm,so'z shaklda,o'rin-joy,kitobiy,ot,Oh urib maydon aro Rustam kabi solsam urush. Nurali
16,Aslo,yuklama,part,Yukl,vaz.yukl,so'z shaklda,inkor ,publisistik,,"Onam go'rida tinch yotsin desanglar, Qumrini aslo yolg;izlatib qo'ymanglar. S.Ahmad, Qorako'z majnun."
17,Asti,yuklama,part,Yukl,vaz.yukl,so'z shaklda,inkor ,kitobiy,,"Vatan ishqida yongan qalb, Bilingki, asti xor bo'lmas. E.Vohidov, Ishq savdosi."
18,Asnoda,ko'makchi,post,Ko'm,vaz.ko'm,so'z shaklda,"vaqt,payt",kitobiy,,"Shu asnoda Risolat Rustamga baqamti kelib, uning chap kifti bilan tirsagi o'rtasidan ushladi. Q.Kenja, Toshqin"
19,Asnodan,ko'makchi,post,Ko'm,vaz.ko'm,so'z shaklda,"vaqt,payt",kitobiy,,Shu asnodan boshqacha yo'l tutamiz.Gazetadan
20,Asosan ,ko'makchi,post,Ko'm,vaz.ko'm,so'z shaklda,"sabab, asos",betaraf,ravish,Tegishli buyruqqa asosan ishdan bo'shatildi. Gazetadan
21,Asosiga,ko'makchi,post,Ko'm,vaz.ko'm,so'z shaklda,"sabab, asos",kitobiy,ot,Muhabbatdan ko'ra bir-birini tushunish asosiga qurilgan oila mustahkamroqdir. Chunki…
22,Asosida ,ko'makchi,post,Ko'm,vaz.ko'm,so'z shaklda,"sabab, asos",kitobiy,,Dori-darmonni shifokor yo'riqnomasi asosida ishlating.Gazetadan
23,Atab,ko'makchi,post,Ko'm,vaz.ko'm,so'z shaklda,atalganlik,badiiy,fe'l,"O'zbek oyimning qutidor, Oftob oyim va Oysha kampirga atab tiktirgan sarupolari ham bitdi.A.Qodiriy.O'tkan kunlar."
24,Atrofiga,ko'makchi,post,Ko'm,vaz.ko'm,so'z shaklda,o'rin,kitobiy,ot,Notiqning ma'ruzasi mavzuning atrofiga ham yaqinlashmadi. 
25,Atrofida,ko'makchi,post,Ko'm,vaz.ko'm,so'z shaklda,chama ,so'zlashuv,ot,Shu  ikki fikr atrofida munozara juda qizib ketdi. A.Qahhor.Qo'shchinor chiroqlari.
26,Atigi,yuklama,part,Yukl,vaz.yukl,so'z shaklda,ayiruv-chegaralov,so'zlashuv,ravish,"Qozi pochcham tush ko'rsalar, atigi  uchtagina qolgan so'yloq "
27,Avval,ko'makchi,post,Ko'm,vaz.ko'm,so'z shaklda,payt,betaraf,ravish,Mana so'nggi xotira: ikki yarim yil avval mehribon ona uni shaharga uzatdi. Oybek. Tanlangan asarlar.
28,Avvalroq,ko'makchi,post,Ko'm,vaz.ko'm,so'z shaklda,payt,so'zlashuv,ravish,"Dadamni bir yilga qamashgan ekan, boshliqlari insofliroq bo'lsa kerak, oilangda bayram qila qol, deb muddatidan avvalroq bo'shatib yuborishibdi…A.Obidjon, Oddiy ayriliq haqida ertak."
29,Ayniqsa,yuklama,part,Yukl,vaz.yukl,so'z shaklda,kuchaytiruv,so'zlashuv va kitobiy,modal so'z,Atom energiyasidan foydalanishning istiqboli ayniqsa kengdir
30,Axir,yuklama,part,Yukl,vaz.yukl,so'z shaklda,kuchaytiruv,so'zlashuv,modal,"Axir men muhabbatimni ehtiyot qilolmagan, yolg'iz yaxshi ko'rish bilan kifoyalanib yurgan odamman-ku!O'.Hoshimov, Xayollarga bo'laman tutqun."
31,Bale ,yuklama,part,Yukl,sof yukl,so'z shaklda,tasdiq yuklamasi,badiiy,,"Furqatiy qosh-u ko'zingdan fitnalar ko'rdi, bale..Furqat"
32,Balki,bog'lovchi,conj,Bog'l,vaz.bog'l,so'z shaklda,zidlov ,so'zlashuv,modal so'z,"U sodiq qul, balki undan battar odam edi.Oybek. Tanlangan asarlar."
33,Balkim ,bog'lovchi,conj,Bog'l,vaz.bog'l,so'z shaklda,zidlov ,kitobiy,modal so'z.,"Qalbi pok ishq ahlining vijdoni, balkim jonidir.Habibiy"
34,Balli,yuklama,part,Yukl,vaz.yukl,so'z shaklda,kuchaytiruv,so'zlashuv,undov,"  - Ko'chada sen bilan yetaklashib yuradigan xotinga balli-yey! - dedi Zumrad.S.Siyoyev, Otliq ayol."
35,Bamisoli,yuklama,part,Yukl,sof yukl,so'z shaklda,o'xshatish,badiiy,      - ,"Aql va madaniyat, haq va adolat bamisoli oftob: uni to'sish va yo'qotish mumkin emas. A.Hakimov. Ilon izidan "
36,Baravariga,ko'makchi,post,Ko'm,vaz.ko'm,so'z shaklda,evaz,kitobiy,ravish,"Bir tanob yerdan oltmish pud paxta olib, naqd pul baravariga hukumatga topshiradi. A.Qodiriy, G'irvonlik Mallavoy. "
37,Baravarida,ko'makchi,post,Ko'm,vaz.ko'm,so'z shaklda,"tenglik, birgalik betaraf",kitobiy,"sifat, ravish","Shu maqola baravarida ma'lum qilamanki, sud Ibrohimov mendan pora so'ragani yolg'on.A.Qahhor, Sarob"
38,Badaliga,ko'makchi,post,Ko'm,vaz.ko'm,so'z shaklda,evaz,so'zlashuv,ot,"Ammo buning badaliga, yuqoridagi mollardan tashqari bir tanob yerdan oltmish pud paxta olib…A.Qodiriy, G'irvonlik Mallavoy. "
39,Badalida,ko'makchi,post,Ko'm,vaz.ko'm,so'z shaklda,vaqt,badiiy,ot,"Ikki yil badalida otamning topib-tutib to'lagani qarzining foydasinigina qoplay oldi .F.Rasul, Adolat."
40,Bad`az ,ko'makchi,post,Ko'm,vaz.ko'm,so'z shaklda,vaqt,badiiy,ravish,"Bizdan ba'daz salom, dil mehri bilan, Yurtdoshlik quvonchin zo'r mehri bilan. G'.G'ulom"
41,Ba`zan,bog'lovchi,conj,Bog'l,vaz.bog'l,so'z shaklda,payt,so'zlashuv,ravish,"Ba'zan Qoratoyning ishxonasida, ba'zan choyxonada tunab yurdi.Oybek.Tanlangan asarlar."
42,Basharti,yuklama,part,Yukl,sof yukl,so'z shaklda,shart,kitobiy,     - ,"Basharti arizada bitilgan gaplar rost bo'lganda ham seni ayblashga ko'nglim bo'lmaydi.Cho'lpon.""Kecha va kunduz"""
43,Bag'oyat,yuklama,part,Yukl,vaz.yukl,so'z shaklda,kuchaytiruv,badiiy,ravish,"Sirsiz hayot senga bag'oyat mushkul, Yuragingda yashar itoatli qul.E.Vohidov, Umrim daryosi. "
44,Baayni,yuklama,part,Yukl,vaz.yukl,so'z shaklda,o'xshatish,badiiy,ravish,"Xullasi kalom, bu birinchi uylanishim anvoyi tashvish va to'polon birlan baayni tushdagidek bo'lib o'tdi. A.Qodiriy, G'irvonlik Mallavoy. "
45, -bek,yuklama,part,Yukl,sof yukl,qo'shimchasimon,erkalash,so'zlashuv,," Anvarbek, sal pastga tushing, burningizdan naryog'ini ko'zingiz ko'rmay qolyapti-ku! So'zlashuvdan"
46,Beri,ko'makchi,post,Ko'm,vaz.ko'm,so'z shaklda,payt,so'zlashuv,ravish,"Institutga kirgandek beri Kozimjon orqasidan soyadek ergashib yuribdi.  T.Ashurov, Oq ot.  "
47,Beriga,ko'makchi,post,Ko'm,vaz.ko'm,so'z shaklda,o'rin,so'zlashuv,ravish,"Qamalgan kunimdan beriga undan xabarim yo'q taqsir! A.Qodiriy, O'tkan kunlar"
48,Berida ,ko'makchi,post,Ko'm,vaz.ko'm,so'z shaklda,o'rin,so'zlashuv,ravish,"Maston yuqoriroqqa chiqib, dasht tomonga qaradi. Ufqdan berida o'rgimchakday o'rmalab arava kelar edi. A.Qahhor, Maston."
49,Bila,bog'lovchi,conj,Ko'm,sof ko'm,so'z shaklda,birgalik,badiiy, - ,"Bu shaklu shamoyil bila xud huru pariysen, Kim, jinsi bashar ichra bu miqdor topilmas. Z.M.Bobur."
50,Bilan I,bog'lovchi,conj,Bog'l,vaz.bog'l,so'z shaklda,tenglik,so'zlashuv, - ,"Bular ko'zdan g'oyib bo'lgandan keyin, Kanizak bilan Siddiqjon butaning orqasidan chiqishdi. A.Qahhor, Qo'shchinor chiroqlari."
51,Bilan II,ko'makchi,post,Ko'm,sof ko'm,so'z shaklda,birgalik,kitobiy, - ,"Oshning ta'mi tuz bilan, odam ta'mi so'z bilan. Maqol"
52,Binoan,ko'makchi,post,Ko'm,sof ko'm,so'z shaklda,asos,kitobiy,,"Qulluq, chaqirganingizga binoan xizmatingizga keldik, nima deysiz. Luqmoni Hakim."
53,Bir  I,bog'lovchi,conj,Bog'l,vaz.bog'l,so'z shaklda,ayiruv-chegaralov,so'zlashuv ,son,"Bu gapga chindan ishongan Nilufar taajjublanib, bir akasiga, bir mushukka qaradi. S.Ahmad, Yulduz."
54,Bir  II,yuklama,part,Yukl,vaz.yukl,so'z shaklda,kuchaytiruv-ta'kid,so'zlashuv,son,"Hamma rozi bo'ldi, bir men rozi bo'lmadim."
55,Biram,yuklama,part,Yukl,sof yukl,so'z shaklda,kuchaytiruv-ta'kid,badiiy,," - Voy, shirinim-ey, rahmatli otangga o'xshab senham biram mehribonsanki, tillaring ham biram shirinki. X.To'xtaboyev, Jannati odamlar."
56,Birla,ko'makchi,post,Ko'm,sof.ko'm,so'z shaklda,birgalik,badiiy,,"Agarchi sensizin sabr aylamak, ey yor, mushkuldur, Sening birla chiqishmoqlik dag'i bisyor mushkuldur. Z.M.Bobur."
57,Birgina ,yuklama,part,Yukl,vaz.yukl,so'z shaklda,ayiruv-chgaralov,so'zlashuv,son,"Agar hayotimizning barcha maqsad-mazmuni oiladagi shaxsiy baxtimizdan iborat bo'lganida, shaxsiy baxtimiz birgina oiladagi muhabbatda o'z ifodasini topganda edi, unda hayot deganlari chindan ham qop-qorong'u sahroga aylanib qolgan bo'lar edi. T.Malik, Odamiylik mulki."
58,Biroq,bog'lovchi,conj,Bog'l,sof.bog'l,so'z shaklda,zidlov ,kitobiy, - ,"Garajda mashinam bor,  biroq uni yurgizadigan odam yo'q. S.Ahmad. Mukammal inson suvrati."
59,Birdan bir ,yuklama,part,Yukl,vaz.yukl,so'z shaklda,ayiruv-chegaralov,kitobiy,son,"Birdan bir maqsadim: olib keting men sho'rlikni! Yoringiz bo'lmasam, cho'ringiz bo'lay. O.Yoqubov,Avlodlarga vasiyat"
60,Birda,bog'lovchi,conj,Bog'l,vaz.bogl,so'z shaklda,ayiruv,kitobiy,son," Birda shukr, birda fikr qildik biz."
61,Birga,ko'makchi,post,Ko'm,vaz.ko'm,so'z shaklda,birgalik,,son,Shu bilan birga ko'rsatilgan nomzodlar ham tasdiqlandi.Gazetadan
62,Bitta,yuklama,part,Yukl,vaz.yukl,so'z shaklda,ayiruv-chegaralov,so'zlashuv,son,"Mana, siz bitta o'zingiz o'ttiz ikkita mashinaga qarar emishsiz. A.Qahhor, Yillar."
63,Bo,ko'makchi,part,Ko'm,sof.ko'm,so'z shaklda,birgalik,badiiy,," -Ota - bu singlim, tabassum bilan dedi Yo'lchi, - qishloqdan olib kelganimni eshitgandingiz. Boynikida yashashini ma'qul ko'rmadim. - [Shokir ota] Yaxshi qilibsan:""Kabutar bo kabutar, jins bo jins"" Oybek Tanlangan asarlar. O'TIL. 1-tom. 290-s."
64,Bobida,ko'makchi,post,Ko'm,vaz.ko'm,so'z shaklda,mavzu ma'nosi,badiiy,ot,Ul qizi husn bobida yakka-yu yagona edi.Usmon baxshi Mamat o'g'li. Bo'tako'z
65,Bois,ko'makchi,post,Ko'm,vaz.ko'm,so'z shaklda,"sabab, asos",kitobiy,ot,Mashg'ulot o'z vaqtida boshlanmagani bois talabalar xonadan chiqib ketgan edi.Gazetadan
66,Boisi,ko'makchi,post,Ko'm,vaz.ko'm,so'z shaklda,"sabab, asos",kitobiy,ot,Xulq-atvor boisidan aziyat chekmang. Hikmatli so'z.
67,Borada,ko'makchi,post,Ko'm,sof.ko'm,so'z shaklda,mavzu ma'nosi,badiiy,,"Xuddi shu borada o'rtoq Nurmuhammedov bilan janjallashib o'tirgan edik. ""Mushtum"""
68,Borasida,ko'makchi,post,Ko'm,sof.ko'm,so'z shaklda,mavzu ma'nosi,badiiy,,"U dehqon ko'ngliga ma'qul tushgan yangi nav borasida so'zlardi. S.Mahkamov, Dehqon quvonchi."
69,Bordi-yu,yuklama,part,Yukl,vaz.yukl,so'z shaklda,shart,kitobiy,fe'l,"Bordi-yu, ajdodida bo'lsa to'qqizga to'lganda tarlon bo'ladi. T.Murod, Ot kishnagan oqshom."
70,Bor-yo'g'i,yuklama,part,Yukl,vaz.yukl,so'z shaklda,ayiruv-chegaralov,so'zlashuv,jamlovchi ot,"Biz bor-yo'g'I uch jonmiz,uch kosa yetadi. S.Siyoyev, Yorug'lik"
71,Bori,yuklama,part,Yukl,sof yukl,so'z shaklda,ayiruv-chegaralov so'zlashuv,so'zlashuv,,Aytadigan gapingning bori shumi? So'zlashuvdan.
72,Boshiga,ko'makchi,post,Ko'm,vaz.ko'm,so'z shaklda,o'rin-joy,so'zlashuv,"ot,sifat","Bitar ishning boshiga, yaxshi kelar qoshiga. Maqol."
73,Boshida ,ko'makchi,post,Ko'm,vaz.ko'm,so'z shaklda,o'rin-joy,so'zlashuv,"ot,sifat","Ayollar ko'prik boshida chapak chalib, tizzalarini urib chinqirishdi.Oybek, Tanlangan asarlar."
74,Boshidan,ko'makchi,post,Ko'm,vaz.ko'm,so'z shaklda,o'rin-joy,so'zlashuv,"ot,sifat","Haydar ota shu bahona bilan u yoq, bu yoqni ham bir ko'ray deb, aylanishroq bo'lsa ham, bozor boshidan yurdi.A.Qahhor, Asarlar."
75,Boshlab,ko'makchi,post,Ko'm,vaz.ko'm,so'z shaklda,payt,so'zlashuv,fe'l,"Shu kundan boshlab u ham raisning oldida to'ng'illab gapiradigan bo'lib qoldi. ""Mushtum""."
76,Boshqa,ko'makchi,post,Ko'm,vaz.ko'm,so'z shaklda,ayiruv-chegaralov,so'zlashuv,ravish," - Menga qolsa, o'rtada shundan boshqa hech gap yo'q, o'g'lim - dedi [hoji]. A.Qodiriy, O'tkan kunlar."
77,Bog'liq ,ko'makchi,post,Ko'm,vaz.ko'm,so'z shaklda,tegishlilik,so'zlashuv,sifat, Ishimizning aniq raqamlarga bo'gliq sahifalarida xatoliklar bo'lmasligi lozim. Gazetadan
78,Buyon,ko'makchi,post,Ko'm,vaz.ko'm,so'z shaklda,payt,badiiy, - ,"Ko'p yillardan buyon niyat va orzularda, xayol kengliklarida bo'y ko'rsatgan go'zal asarni yaratish uchun barcha hozirliklar ko'rib bo'lingan edi go'yo. I.Sulton, Alisher Navoiy. "
79,Burun ,ko'makchi,post,Ko'm,vaz.ko'm,so'z shaklda,payt,so'zlashuv,ravish,"Men-chi?Men bu yerda undan burun o'lib qolaman-ku.O.Yoqubov, Bir koshona sirlari."
80,Bo'lsa,bog'lovchi,conj,Bog'l,vaz.bog'l,so'z shaklda,zidlov ,so'zlashuv,fe'l,"Haqqush bo'lsa to'xtovsiz sayrar, yoz shabadasida uning ovozi goh sekin, goh baralla eshitilardi. O'Hoshimov, Qalbingga quloq sol. "
81,Bo'lgani ,yuklama,part,Yukl,vaz.yukl,so'z shaklda,,so'zlashuv,fe'l," - Xurshid, jon do'stim, hech narsa qilib qo'yganim yo'q, uyimda bir kun tinchgina o'tiraman degan edim, bo'lgani shu, sizlar bo'lsa…A.A'zam,Nima qilib qo'ygan ekanman."
82,Bo'yi,ko'makchi,post,Ko'm,vaz.ko'm,so'z shaklda,payt,badiiy,ot,"Shu bo'yi bir hafta Me'mor uydan chiqmadi. Mirmuhsin, Me'mor."
83,Bo'yiga,ko'makchi,post,Ko'm,vaz.ko'm,so'z shaklda,o'rin-joy,badiiy,ot,"Rixsi xola nafasini rostlash uchun ariq bo'yiga cho'nqaydi. S.Zununova, Olov"
84,Bo'yida,ko'makchi,post,Ko'm,vaz.ko'm,so'z shaklda,o'rin-joy,badiiy,ot,Salomatligini sovurayotgan odam ariq bo'yida suv qadrini bilmay o'tirgan kishiga o'xshaydi. Gazetadan.
85,Bo'yidan,ko'makchi,post,Ko'm,vaz.ko'm,so'z shaklda,o'rin-joy,badiiy,ot,Ularning yo'li kanal bo'yidan o'tardi.
86,Bo`yicha ,ko'makchi,post,Ko'm,vaz.ko'm,so'z shaklda,tegishlilik,rasmiy, - ,Savodsizlikni tugatish bo'yicha o'qish bir qadar yo'lga tushib qoldi. K.Yashin. Hamza
87,Bo'lak,ko'makchi,post,Ko'm,vaz.ko'm,so'z shaklda,ayiruv-chegaralov,so'zlashuv,ot,"Insof bilan aytganda, do'konda odamning jonidan bo'lak hamma narsa bor. O'.Hoshimov, Tushda kechgan umrlar."
88,Bo`ylab,ko'makchi,post,Ko'm,vaz.ko'm,so'z shaklda,o'rin-joy,so'zlashuv,fe'l,Oyoqqa yelimday yopishayotgan so'qmoq bo'ylab ketishdi.O'.Hoshimov. Qalbingga quloq sol
89, -da I,yuklama,part,Yukl,sof yukl,qo'shimchasimon,kuchaytiruv-ta'kid,so'zlashuv,,"Baraka topkur, zap fayzli ayol-da, Bemorning og'rig'ini ikki og'iz so'z bilan tuzatvoradi-ya. S.Ahmad, Azroil o'tgan yo'llarda."
90, -da I,yuklama,part,Yukl,sof yukl,qo'shimchasimon,so'roq ,so'zlashuv,," Sartarosh bo'lay debsiz-da, a? E.Raimov, Ajab qishloq."
91, -da III,bog'lovchi,part,Bog'l,vaz.bog'l,qo'shimchasimon,biriktiruv,so'zlashuv,yuklama,"Yodgor yon-veriga alanglab, bo'shab qolganini ko'rdi-da, darrov o'rnidan turdi. O'.Hoshimov, Qalbingga quloq sol."
92, -da IV,bog'lovchi,conj,Bog'l,vaz.bog',qo'shimchasimon,zidlov ,kitobiy,yuklama,"Bu hukm garchi boshqa bir paytda qaror topgan taomil mezoniga muvofiq kelmasa-da, shu topda adolatli va insonparvar edi.N.Eshonqul, Urush odamlari."
93,Dam,bog'lovchi,conj,Bog'l,vaz.bog'l,so'z shaklda,ayiruv-chegaralov,kitobiy,ot,"Suv dam oqizib ketadi, dam chetga otadi. S.Ahmad, Ufq."
94,Dastidan,ko'makchi,post,Ko'm,vaz.ko'm,so'z shaklda,sabab,so'zlashuv,ot,"Rost, akasi uning dastidan qamaldi"
95,Darajada,ko'makchi,post,Ko'm,vaz.ko'm,so'z shaklda,kuchaytiruv,kitobiy,ot,"Sovuq shu darajada ediki, biron pana joyga yashirinmasa chidab bo'lmas edi. S.Ahmad, Kiprikda qolgan tong."
96,Davomiga,ko'makchi,post,Ko'm,vaz.ko'm,so'z shaklda,payt,so'zlashuv,ot,Shuncha yaxshiliklaringiz davomiga meni maqtab ham qo'yganingizdan xijolatdaman.Gazetadan
97,Davomida,ko'makchi,post,Ko'm,vaz.ko'm,so'z shaklda,payt,so'zlashuv,ot,Saodatxon ikkinchi chorak davomida qilinadigan ishlarni batafsil so'zlab berdi. S.Zununova. Olov.
98,Dim (shv),yuklama,part,Yukl,vaz.yukl,so'z shaklda,inkor ,so'zlashuv,sifat,"Ichkari kir, yota bergin joyingga, dim ularga qaray ko'rma, chirog'im. ""Ravshan"" [aslo, sira ma'nolarida]"
99,Deb,bog'lovchi,conj,Bog'l,vaz.bog'l,so'z shaklda,sabab-maqsad,badiiy,fe'l,"Har kishi ter to'kib qiladi mehnat, xalqimning turmushi obod bo'lsin deb.G.'G'ulom"
100,Deb,ko'makchi,post,Ko'm,vaz.ko'm,so'z shaklda,atalganlik,so'zlashuv,fe'l,Yorimga deb qiyiq oldim -  bezakdor. Xalq qo'shiqlari.
101, -dek,ko'makchi,post,Ko'm,sof ko'm,qo'shimchasimon,o'xshatish-qiyoslash,badiiy, - ,"Ul nasihat uchun og'iz ochsa vujudim erib ketgandek va bir turluk uxlab huzurlangandek.A.Qodiriy, O'tkan kunlar."
102, -day,ko'makchi,post,Ko'm,sof ko'm,qo'shimchasimon,o'xshatish-qiyoslash,badiiy, - ,"Anavi to'ng'ich akangizning qo'ylari bo'lmaydi! Bari o'ziday kaltafahm! T. Murod, Ot kishnagan oqshom."
103, -dayin,ko'makchi,post,Ko'm,sof ko'm,qo'shimchasimon,o'xshatish-qiyoslash,badiiy, - ,"Yoq dema so'zlarimga, Yo'q ketma o'zgalarga, Yo'q go'zal sendayin olam ichra, ishon. Qo'shiqdan"
104,Deya ,ko'makchi,post,Ko'm,vaz.ko'm,so'z shaklda,sabab,badiiy,fe'l,Yurt deya qon kechdilar ne tilla boshlar. Xalq qo'shiqlari
105,Degan,ko'makchi,post,Ko'm,vaz.ko'm,so'z shaklda,atalganlik,so'zlashuv,fe'l,"Sevgi degan bu bir balo, Meni qayding etdi mubtalo.Xaql qo'shig'i"
106,Deganda,ko'makchi,post,Ko'm,vaz.ko'm,so'z shaklda,payt,so'zlashuv,fe'l,"Ikki yil deganda uni o'shatdagi sahroda yo'qolganini aytishdi. O'.Umarbekov, Ota va o'g'il."
107,Deguncha,ko'makchi,post,Ko'm,vaz.ko'm,so'z shaklda,payt,so'zlashuv,fe'l,"Bo‘shadi deguncha deraza qarshisida mixlangancha o‘tiradigan, uzun-uzun xayollar suradigan sherigini Hasan o‘ng‘ay har fursatda bir yanib oladi.U.Hamdam, Musulmon. "
108, -dir,yuklama,part,Yukl,sof yukl,qo'shimchasimon,gumon,so'zlashuv,," -Qazisan, qartasan, axir  aslingga tortasan, - dedi kampir omborni qulflayotib, - … Uvada, isliqi to'n, chilvir belbog'ning xumorisi tutgandir! A.Qahhor, Qo'shchinor chiroqlari."
109,Dovur ,ko'makchi,post,Ko'm,vaz.ko'm,so'z shaklda,chegara,so'zlashuv, - ,"Tongga dovur soz bilan, Qo'shiq aytdim sen uchun. Folklor"
110,Doir,ko'makchi,post,Ko'm,vaz.ko'm,so'z shaklda,tegishlilik,kitobiy, - ,"Jaloliddin buvisi bilan salom-alik, hol-ahvol so'rashardi-yu, mudofaa va davlat ishlariga doir biron gap aytmasdi. Mirmuhsin, Temur Malik."
111,Doirasida,ko'makchi,post,Ko'm,vaz.ko'm,so'z shaklda,asoslanganlik,so'zlashuv,fe'l,Maqola Khan Academy oʻzbek loyihasi doirasida tarjima qilingan. https://sinaps.uz/maqola/12785/
112, -e,yuklama,part,Yukl,sof yukl,qo'shimchasimon,kuchaytiruv-ta'kid ,so'zlashuv, - ,"E, bor-e, tozza boshimni qotirding! So'zlashuvdan"
113,Evaziga,ko'makchi,post,Ko'm,vaz.ko'm,so'z shaklda,sabab,kitobiy,,"Zaruriy bir ishni ado etayotgani evaziga siylov olayotganini, balki, it ham his qilar…U.Hamdam, Muvozanat."
114, -ey,ko'makchi,post,Ko'm,sof yukl,qo'shimchasimon,kuchaytiruv-ta'kid ,so'zlashuv, - ,"Qayerdanam ko'rdim-ey, yuraklarim yondi-yey. Folklor"
115,Eng,yuklama,part,Yukl,sof yukl,so'z shaklda,kuchaytiruv,betaraf,,"Xalq ko'zida bu - eng qora, eng mudhish, eng zolim mahkama edi. Oybek, Qutlug' qon."
116,Esa,bog'lovchi,conj,Bog'l,sof.bog'l,so'z shaklda,qiyoslash,so'zlashuv,,"Men - o'tda, sen esa xazonda vosil, Evoh, tiriklikning sho'rishi bisyor!U.Azim, Kuz."
117,Faqat,yuklama,part,Yukl,sof yukl,so'z shaklda,ayiruv-chegaralov,so'zlashuv, - ,"Hammayoq jimjit. Faqat qishloqda xo'rozlar qichqiradi va onda-sonda itlar vovullaydi.O.Yoqubov, Tengdoshlar."
118,Faqat II,bog'lovchi,conj,Bog'l,vaz.bog'l,so'z shaklda,zidlov ,so'zlashuv,yuklama,"Faqat ojiz qalamim manim, O'zbekiston vatanim manim. A.Oripov, O'zbekiston."
119,Faqatgina,yuklama,part,Yukl,sof yukl,so'z shaklda,ayiruv-chegaralov,so'zlashuv,yuklama,"Zamirani bir odam deb emas, faqatgina bir qiz deb qarayotgan bu behayo ko'zlar uning insoniy g'ururini poymol qilganday bo'ldi va g'azabini keltirdi. P.Qodirov.Uch ildiz."
120,Gar ,bog'lovchi,conj,Bog'l,sof.bog'l,so'z shaklda,shart,badiiy, - ,"Agar aldamasa shu sovuq simlar, Gar shul eshitganim bo'lmasa ro'yo…A.Oripov, Munojotni tinglab."
121,Garchi,bog'lovchi,conj,Bog'l,sof bog'l,so'z shaklda,shart,badiiy, - ,"Bu hukm garchi boshqa bir paytda qaror topgan taomil mezoniga muvofiq kelmasa-da, shu topda adolatli va insonparvar edi.N.Eshonqul, Urush odamlari."
122, -gina,yuklama,part,Yukl,vaz.yukl,qo'shimchasimon,ayiruv-chegaralov,so'zlashuv,otning erkalash qo'shimchasi ,"Negaki hozirda mening ko'z yoshlarimgina emas, butun borlig'im siyohdir. A.Qodiriy, O'tkan kunlar."
123,Goh,bog'lovchi,conj,Bog'l,sof bog'l,so'z shaklda,ayiruv-chegaralov,so'zlashuv, - ,"Goh sog', goh kasal onaning taqdiri Komilani tashvishga soladi. Oybek, Oltin vodiydan shabadalar."
124,Goho,bog'lovchi,conj,Bog'l,vaz.bog'l,so'z shaklda,ayiruv-chegaralov,so'zlashuv, - ,"Qahramonimiz Onesiya ona o'zlari haqida chiroyli hayot haqiqatlarini goho kulib, goho yig'lab, goho suyunib, goho kuyinib gapirib berdilar. nkspi_info@edu.uz"
125,Gohi ,bog'lovchi,conj,Bog'l,vaz.bog'l,so'z shaklda,ayiruv-chegaralov,badiiy, - ,"Gohi xudman, gohi bexud, Shavq-u dardim sharh qil. E.Vohidov"
126,Gohida,bog'lovchi,conj,Bog'l,vaz.bog'l,so'z shaklda,ayiruv-chaegaralov,badiiy,ravish,"Hayotda oz yashab ko'p azob ko'rdim, Gohida yiqildim, gohida turdim, sevgidanam do'stdanambirvarakay kuydim, dedingiz, jon bolam, saqlama dilda g'am…   Onam."
127,Go`yo,yuklama,part,Yukl,sof yukl,so'z shaklda,o'xshatish-qiyoslash,kitobiy, - ,"Ko'p yillardan buyon niyat va orzularda, xayol kengliklarida bo'y ko'rsatgan go'zal asarni yaratish uchun barcha hozirliklar ko'rib bo'lingan edi go'yo. I.Sulton, Alisher Navoiy. "
128,Go'yoki,yuklama,part,Yukl,sof yukl,so'z shaklda,o'xshatish-qiyoslash,kitobiy, - ,"Nuqtaday bir qush uchar, Go'yoki behush uchar.Mirtemir."
129,Ha I,yuklama,part,Yukl,sof yukl,so'z shaklda,ta'kid yuklamasi,so'zlashuv, -,"Muqaddam bir nafas quloq solib, bu kuyni avval hech qaerda eshitmaganini sezdi. Ha, bu yangi kuy edi. O'.Hoshimov, Qalbingga quloq sol."
130,Ha II,yuklama,part,Yukl,sof yukl,so'z shaklda,tasdiq yuklamasi,so'zlashuv, - ,"Ha, rost, bemorlarning ko'pi har yerdan kelgan odamlar. S.Karomatov, Oltin qum."
131,Hali,yuklama,part,Yukl,vaz.yukl,so'z shaklda,kuchaytiruv-ta'kid,so'zlashuv,ravish,"Voy sharmandalar, hali qochirib yubordik denglar-a.N.Fozilov, Diydor. Oshni damlab hali o'tiribman, hali o'tiribman. A.Qahhor, qoshchinor chiroqlari. "
132,Hali,bog'lovchi,conj,Bog'l,vaz.bog'l,so'z shaklda,ayiruv-chegaralov,so'zlashuv,ravish," - Farg'onaga borgunimizcha hali Shukrullo, hali Mirmuhsinning tanishlari topilaversa, bu yaqinda manzilga yetolmaymiz, - deb Said Ahmad hazillashdi. Shukrullo. Javohirlar sandig'i. "
133,Ham,yuklama,part,Yukl,sof yukl,so'z shaklda,kuchaytiruv-ta'kid,betaraf,,"Birovning aybiga kulmagin zinhor, Sening ham aybingga kuluvchilar bor.Maqol"
134,Ham,bog'lovchi,conj,Bog'l,vaz.bog'l,so'z shaklda,ayiruv-chegaralov,so'zlashuv,yuklama,"Bitibdur besh ravot ham uchta hammom. Uyg'un va Izzat Sulton, Alisher Navoiy."
135,Hamda,bog'lovchi,conj,Bog'l,sof bog'l,so'z shaklda,biriktiruv,badiiy,,"Chuvrindi uyga qaytgunicha ham bo'lib o'tgan suhbatlar mag'zini chaqishga harakat qilib, ""Qanoti bor har qanday maxluq ham erkin hamda baland parevoz qila olmaydi"", degan haqiqatga ishondi. T.Malik, Shaytanat"
136,Haqda,ko'makchi,post,Ko'm,sof.ko'm,so'z shaklda,mavzu ma'nosi,so'zlashuv, - ,Bu haqda sahifamizning keyingi sonlarida ma'lumot beramiz. Gazetadan
137,Haqida,ko'makchi,post,Ko'm,sof ko'm,so'z shaklda,mavzu ma'nosi,betaraf, - ,"Biz Usmon aka bilan o'zimizning ishlarimiz, kuzgi sabzavot, yangi ochilmoqchi bo'lgan yer va boshqa ishlar haqida gaplashdik.O'.Umarbekov, Sevgim-sevgilim."
138,Haqidagi,ko'makchi,post,Ko'm,sof ko'm,so'z shaklda,mavzu ma'nosi,betaraf, - ,"Sharif Namozovni qamash, qamoqdan chiqarish haqidagi qog'ozlarda mening imzom yo'q edi. T.Malik, Shaytanat."
139,Haqiga,ko'makchi,post,Ko'm,vaz.ko'm,so'z shaklda,mavzu ma'nosi,so'zlashuv, - ,Mehnati haqiga olingan narsalarni nopok insonlarga bergisi kelmadi.
140,Haqimda,ko'makchi,post,Ko'm,vaz.ko'm,so'z shaklda,mavzu ma'nosi,so'zlashuv, - ,Men haqimda yolg'onlar aytishdi senga… Xalq qo'shiqlari
141,Hatto,yuklama,part,Yukl,sof yukl,so'z shaklda,kuchaytiruv-ta'kid,so'zlashuv, - ,"Uyda hamma narsa unga yot hatto onasi ham begona kabi. Oybek, Tanlangan asarlar."
142,Hargiz,yuklama,part,Yukl,sof yukl,so'z shaklda,inkor ,badiiy,,"Aqlsiz odamlar bilan hargiz do'st bo'lmagil. T.Malik, Odamiylik mulki."
143,Hattoki,yuklama,part,Yukl,sof yukl,so'z shaklda,kuchaytiruv-ta'kid,so'zlashuv, - ,"Biri - doktor, biri -hamshira, Uchsa hamki hattoki o'qlar, har jangchining yarasin bog'lar. H.Po'lat."
144,Hech,yuklama,part,Yukl,sof yukl,so'z shaklda,inkor ,so'zlashuv, - ,"Noqulay ahvolda iljayib, unga razm soldim. Hech o'zgarmabdi. O'.Hoshimov, Hikoyalar."
145,Holda,ko'makchi,post,Ko'm,vaz.ko'm,so'z shaklda,holat,so'zlashuv,ot,"Imom yerga qaragan holda boshini qimirlatib qo'ydi. A.Qodiriy, Mehrobdan chayon."
146,Hisobidan,ko'makchi,post,Ko'm,vaz.ko'm,so'z shaklda,maqsad,kitobiy,ot,Xarajatlar o‘rnini qoplash hisobidan noqonuniy ravishda yig‘imlar undirilgan. Gazetadan
147,Hisobiga,ko'makchi,post,Ko'm,vaz.ko'm,so'z shaklda,sabab,so'zlashuv,ot,"Xuddi boshqalarning erki hisobiga erkalik qilayotgandek. A.A'zam, bu kunning davomi."
148,Holbuki,bog'lovchi,conj,Bog'l,sof bog'l,so'z shaklda,zidlov ,badiiy, - ,"Shag'irlaydi betinim daryo, Shag'irlaydi vahm to'lgan jar,…Holbuki, tun - bunda odatda,Butun borliq uxlarday sokin.H.Olimjon, Holbuki, tun. "
149,Ila,bog'lovchi,conj,Bog'l,sof bog'l,so'z shaklda,birgalik,badiiy, - ,"A'yonlarimiz amiralmuslimin ila bo'lak qo'rboshilar bilan baqamti bo'lmoq harakatida Farg'onada qolganlar. T.Malik, Savohil."
150,Ilgari,ko'makchi,post,Ko'm,vaz.ko'm,so'z shaklda,payt,kitobiy,ravish,"Yo'qolmasdan ilgari bormidi?Qanaqa ho'kiz edi? - Ola ho'kiz… A.Qahhor, O'g'ri. "
151,Ichra,ko'makchi,post,Ko'm,vaz.ko'm,so'z shaklda,o'rin-joy,badiiy, - ,"Yovni ko'rsang she'r singari yurish qil, maydon ichra urush qil, Fozil shoir. "
152,Ichiga,ko'makchi,post,Ko'm,vaz.ko'm,so'z shaklda,o'rin-payt,so'zlashuv,ot,"Oltinchi bor hujum qildi dushman yana kuch to'plab, Tog' ichiga yashirindi chorasiz isyonkorlar. O'.Umarbekov, Gayduk qizi."
153,Ichida,ko'makchi,post,Ko'm,vaz.ko'm,so'z shaklda,o'rin-payt,so'zlashuv,ot,"Hamma narsani unutib, shu oy ichida ilmiy ishimni taxt qilib, qo'liga topshirishimga zarracha shubha qilmasdi. N.Eshonqul, Xaroba shahar surati"
154,Ichinda,ko'makchi,post,Ko'm,vaz.ko'm,so'z shaklda,o'rin-payt,badiiy,ot,"Xating aro uzoring sabza ichinda lola, ul chashmi purxumoring loladagi g'azola. Z.M.Bobur."
155,Ichidan,ko'makchi,post,Ko'm,vaz.ko'm,so'z shaklda,o'rin-joy,so'zlashuv,ot,Uy ichidan ga'lati ovoz eshitildi.
156,Juda,yuklama,part,Yukl,sof yukl,so'z shaklda,kuchaytiruv-ta'kid,so'zlashuv, - ,"Jadidlarning eng katta otaxonlaridan Ahmadboy Husainov… juda boy odam edi.Usuli jadid maktablariga ko'p pul sarf qildi Cho'lpon, Kecha va kunduz. "
157,Jiq,yuklama,part,Yukl,vaz.yukl,so'z shaklda,kuchaytiruv-ta'kid,so'zlashuv,sifat,Etigim jiq ho'l bo'ldi.
158,Jiqqa,yuklama,part,Yukl,sof yukl,so'z shaklda,kuchaytiruv-ta'kid,so'zlashuv, - ,Ust-u boshi jiqqa ho'l. So'zlashuvdan
159,Jihatdan,ko'makchi,post,Ko'm,vaz.ko'm,so'z shaklda,sabab,kitobiy,ot,"Shu davrada uni ham, o'zini ham har jihatdan tekshirib ko'rdi. Sh.Rashidov, G'oliblar. "
160,Jo`niga,ko'makchi,post,Ko'm,vaz.ko'm,so'z shaklda,sabab,so'zlashuv,"ot,ravish"," - Endi to'y jo'niga kelsak, hamma gap vaqt-soatga bog'liq, do'stim, -dedi Sobir. Oybek, Oltin vodiydan shabadalar. "
161,Jo`nidan,ko'makchi,post,Ko'm,vaz.ko'm,so'z shaklda,sabab,so'zlashuv,ot," Usta buvanikiga chiqib, imorat jo'nidan gaplashib kelay. Uyg'un, Hayot qo'shig'i. "
162,Kabi,ko'makchi,post,Ko'm,sof ko'm,so'z shaklda,o'xshatish,kitobiy, - ,"U insonni go'zal va oliyjanob sehrgar kabi o'ziga chorlaydi, erkalaydi. O'.Umarbekov, Sevgim-sevgilim."
163,Keyin ,ko'makchi,post,Ko'm,vaz.ko'm,so'z shaklda,payt,so'zlashuv,ravish,"Otaxon dramaturgning navbatdagi ziyofatidan keyin  Pakana bunga, ayniqsa, amin bo'ldi. E.A'zam, Pakananing ochiq ko'ngli."
164,Keyin ,bog'lovchi,conj,Bog'l,vaz.bog'l,so'z shaklda,payt va sabab,so'zlashuv,ravish,"Qo'l kalta bo'lgandan keyin, qayoqqa uzatasan. Oybek, Tanlangan asarlar."
165,Keyinidan,ko'makchi,post,Ko'm,vaz.ko'm,so'z shaklda,payt,so'zlashuv,ravish,"Dushman yurar mard o'g'lonning keyinidan. ""Oysuluv"""
166,Ketiga,ko'makchi,post,Ko'm,vaz.ko'm,so'z shaklda,payt,so'zlashuv,ot,"Dada, osmon tegi juda ham keng-a?Uning eng ketiga hech kim borganmi? Q.Muhammadiy."
167,Ketida,ko'makchi,post,Ko'm,vaz.ko'm,so'z shaklda,o'rin-joy,so'zlashuv,ot,"Siddiqjon uning ketida turgan onasiga qaradi. A.Qahhor,Qo'shchinor chiroqlari."
168,Ketidan,ko'makchi,post,Ko'm,vaz.ko'm,so'z shaklda,payt,so'zlashuv,ot,"Issiq choy olib keldi. Ketidan ovqatga unadi.H.Nazir, Yonar tog'."
169, -ki,yuklama,part,Yukl,sof yukl,qo'shimchasimon,kuchaytiruv-ta'kid,so'zlashuv, - ," - Voy, shirinim-ey, rahmatli otangga o'xshab senham biram mehribonsanki, tillaring ham biram shirinki. X.To'xtaboyev, Jannati odamlar."
170, -ki,bog'lovchi,part,Bog'l,vaz.bog'l,qo'shimchasimon,sabab,kitobiy,yuklama,"Sen borsanki, keng vohada hayot bor, Demak yurtning labida bol, nabot bor.E.Vohidov"
171, -kina,yuklama,part,Yukl,vaz.yukl,qo'shimchasimon,ayiruv-chegaralov,so'zlashuv,lug'.shakl yas.,Bog'ingdagi  terakkina ko'rdi ko'z yoshim.Folklordan 
172, -kim,yuklama,part,Yukl,sof yukl,qo'shimchasimon,kuchaytiruv-ta'kid,so'zlashuv, - ,"Qo'chqor: -Ey, esi yo'q bandam, shukronalar keltirkim, xotiningni odam qilib yaratganman, - dedi…Sh.Boshbekov.Temir xotin"
173, -ku,yuklama,part,Yukl,sof yukl,qo'shimchasimon,so'roq-taajjub,so'zlashuv, - ,"Uyquning-ku rasvo bo'lgani bor gap, biroq evaziga mutlaqo kutilmagan, jon-jon demoqqa arzigulik bunday tashrif va taklif!E.A'zam, Olis shahar, olis kechmishlar"
174,Ko`ra,ko'makchi,post,Ko'm,vaz.ko'm,so'z shaklda,qiyoslash,so'zlashuv,fe'l,"Me'mor hatto o'z o'gli Nizomiddindan ko'ra ham Zavrakning gaplariga ishonardi. Mirmuhsin, Me'mor."
175,Ko'yi ,ko'makchi,post,Ko'm,vaz.ko'm,so'z shaklda,holat,badiiy,ot,"Besh daqiqalab yo'l ustida esankiragan, hushsizlangan ko'yi qotib turgach, moshinavori birdan yurib ketdi… A.Qodiriy, O'tkan kunlar."
176,Ko'm-,yuklama,part,Yukl,sof yukl,qo'shimchasimon,kuchaytiruv,so'zlashuv, - , Dilni yayratadi ko'm-ko'k maysalar. Qo'shiqdan
177, -la   I,ko'makchi,post,Ko'm,sof ko'm,qo'shimchasimon,birgalik,badiiy, - ,Oy shu'lasi-la munavvar  manzil bir zumda chayqaldi.M.Ismoiliy. Farg'ona tong otguncha.
178, -la  II,yuklama,part,Yukl,vaz.yukl,qo'shimchasimon,kuchaytiruv-ta'kid,so'zlashuv,ko'makchi, Kelib-la ketdi.
179,Lang,yuklama,part,Yukl,vaz.yukl,so'z shaklda,kuchaytiruv-ta'kid,so'zlashuv,sifat,"Qizlar yetaklashib lang ochiq darvozadan to'g'ri kirib bordilar. A.Muxtor, Opa-singillar."
180,Labbay,yuklama,part,Yukl,vaz.yukl,so'z shaklda,so'roq,so'zlashuv,undov,"Dunyoda kampirlarning duolarini olaylik-da, labbay? Shukrullo, Javohirlar sandig'i. "
181,Labiga,ko'makchi,post,Ko'm,vaz.ko'm,so'z shaklda,o'rin-joy,badiiy,ot,"Berdiyor suv labiga cho'nqayib, qo'lini chaydi, belbog'iga artib kelib, akasiga uzatdi. Sh. Xolmirzayev, Biz kecha qolib yuramiz."
182,Lekin,bog'lovchi,conj,Bog'l,sof bog'l,so'z shaklda,zidlov ,betaraf, - ,"Ko'nglingga qara, bolam!Lekin uylansang shunday birovini topib xotin qilginki, sira-sira joningga tegmasin. E.A'zam. Jannat o'zi qaydadir."
183,Lek,bog'lovchi,conj,Bog'l,sof bog'l,so'z shaklda,zidlov ,badiiy, - ,"Lek ko'zga ko'rinmas bugungi yovlar, kiyganday sehrli do'ppi yo qalpoq. Sh.Rahmon, Loda hazrati oliylariga. "
184,Liq,yuklama,part,Yukl,sof yukl,so'z shaklda,kuchaytiruv,so'zlashuv, - ,"Ikkinchi otdagi katta xurjunning ikki ko'zi liq to'la tanga edi. A.Qodiriy, O'tkan kunlar."
185,Lim,yuklama,part,Yukl,sof yukl,so'z shaklda,kuchaytiruv,badiiy, - ,"Xilma-xil, rang-barang, qimmatbaho meva-chevalar bilan lim to'lgan patnislar ketma-ket yetkazilib turildi. Oybek, Tanlangan asarlar."
186,Loaqal,yuklama,part,Yukl,sof yukl,so'z shaklda,ta'kid ,so'zlashuv,,"Shu to'rt devor ichra qon yutib, behad zahmat chekkan singlingizga loaqal siz shafqat qilingiz. Oybek. Ulug' yo'l."
187,Mabodo,yuklama,part,Yukl,sof yukl,so'z shaklda,shart,kitobiy,,"Mabodo qachondir mansabdor bo'lib qolsang, bilib qo'y:amal kursisida o'tirganingda kim eng ko'p tovoningni yalasa, kursidan tushganingda o'sha birinchi bo'lib sendan yuz o'giradi.O'.Hoshimov.""Daftar hoshiyasidagi bitiklar"""
188,Magar,bog'lovchi,conj,Yukl,sof yukl,so'z shaklda,shart,badiiy,,"Magar bul so'zlaringiz rost bo'lsa, baxtiqaro bibingizni tashlab ketmas edingiz, amirim! O. Yoqubov, Avlodlarga vasiyat"
189,Mana,yuklama,part,Yukl,vaz.yukl,so'z shaklda,ta'kid ,badiiy,olmosh,"Mana, boshqarma plan bo'limida uni rosa qizartirishdi. S.Ahmad, Bosh o'g'rig'i"
190,Maqsadida,ko'makchi,post,Ko'm,vaz.ko'm,so'z shaklda,maqsad,betaraf,ot,"Otabek bilan birga choy ichish maqsadida, ertalab Oybadoqning damlangan choyiga bormay, Otabekning uyg'onishini kutib yurdi. A.Qodiriy,O'tkan kunlar."
191, -mi,yuklama,part,Yukl,sof yukl,qo'shimchasimon,so'roq,so'zlashuv,,"Mumkinmi, aytgin axir? Bu ish yaramas taqir. Q.Muhammadiy"
192, -mi,bog'lovchi,conj,Bog'l,vaz.bog'l,qo'shimchasimon,ayiruv-chegaralov,so'zlashuv,yuklama,"Yomg'irdanmi, terdanmi butun badani shalobbo ho'l. A.Muxtor, Chinor."
193,Miyonasida,ko'makchi,post,Ko'm,vaz.ko'm,so'z shaklda,payt,badiiy,sifat,"Hamma ish bitganda, ikki kun miyonasida, yeng ichida nikoh o'tkazmoqchi edik. Oybek, Tanlangan asarlar."
194,Misli ,yuklama,post,Yukl,sof yukl,so'z shaklda,o'xshatish,publisistik,,"Qobil farzand ota-onasi uchun misli gavhar bo'lsa gavhar bo'lsa, noqobil farzand ular bo'ynini bo'g'ib turuvchi misli ilondir, deydilar. T.Malik.Jinoyatning uzun yo'li."
195,Misol,ko'makchi,post,Ko'm,vaz.ko'm,so'z shaklda,o'xshatish,publisistik,ot,"Ishorani payqagan qiz darhol turib choyshabga o'randi-da, arazlagan misol g'amzali bir qarash qilib, sharpasizgina o'sha yoqqa chiqib bekindi. E.A'zam, Shovqin."
196,Misoli,yuklama,part,Yukl,vaz.yukl,so'z shaklda,o'xshatish,publisistik,ot,"Ota qarg'ishi misoli o'q - u oxiratda emas, shu dunyoning o'zida nishonga tegadi. S.Ahmad, Sarob"
197,Mos,ko'makchi,post,Ko'm,vaz.ko'm,so'z shaklda,holat,kitobiy,sifat,"Har tomondan vit-vit, chig'i-chig'I deb sayragan qushlarning turli qo'shiqlari soyning nashasiga mos bir muzika hosil qilgan. P.Tursun, O'qituvchi."
198,Monand,ko'makchi,post,Ko'm,vaz.ko'm,so'z shaklda,o'xshatish,badiiy,sifat,"Qotillik ham qilay mayli otello monand. A.Oripov, Yillar armoni."
199,Modomiki,yuklama,part,Yukl,sof yukl,so'z shaklda,ta'kid ,publisistik,,"Modomiki ahvol shunday ekan, u kishining orzulariga quloq solishimiz kerak edi. Oybek, Tanlangan asarlar."
200,Mutlaqo,yuklama,part,Yukl,sof yukl,so'z shaklda,inkor ,publisistik,,"Uyquning-ku rasvo bo'lgani bor gap, biroq evaziga mutlaqo kutilmagan, jon-jon demoqqa arzigulik bunday tashrif va taklif!E.A'zam, Olis shahar, olis kechmishlar"
201,Muvofiq,ko'makchi,post,Ko'm,vaz.ko'm,so'z shaklda,qiyoslash,publisistik,sifat,"Bu hukm garchi boshqa bir paytda qaror topgan taomil mezoniga muvofiq kelmasa-da, shu topda adolatli va insonparvar edi.N.Eshonqul, Urush odamlari."
202,Na,yuklama,part,Yukl,sof yukl,so'z shaklda,inkor ,publisistik,,"Zero, xalq shunday bir daryoyi azimki, u toshsa, na shohning qasri, na darveshning kulbasi qolur. Oybek, Navoiy"
203,Nari,ko'makchi,post,Ko'm,vaz.ko'm,so'z shaklda,o'rin-joy,so'zlashuv,ot,"Maktabdan narimi, berimi?"
204,Naq,yuklama,part,Yukl,sof yukl,so'z shaklda,o'xshatish,so'zlashuv,," - Otangizga rahmat, Yusvali tog'a! - dedi boshini qimirlatib Meli polvon. - Gapning naq onasini aytdingiz-qo'ydingiz. P.Tursun, O'qituvchi."
205,Nahot,yuklama,part,Yukl,sof yukl,so'z shaklda,so'roq-taajjub,so'zlashuv,,"Nahot o'g'limga o'shandoq qattiqlikni ravo ko'rsam.A.Qahhor, Qo'shchinor chiroqlari."
206,Nahotki,yuklama,part,Yukl,sof yukl,so'z shaklda,so'roq-taajjub,so'zlashuv,,"Aylanay, qizim, nahotki boshingga davlat qushi qo'nsa-yu, uni kaltak olib o'zing quvlasang. Hamza, Boy ila xizmatchi. "
207,Nainki,yuklama,part,Yukl,sof yukl,so'z shaklda,kuchaytiruv-ta'kid,badiiy,,"Axir u yigirma yildan beri o'ziniki edi-ku, nainki shuncha muddat vujud-tanalari bir bo'lgan odamlar endi begonalarday,bir-biridan butunlay yiroqlashib ketishsa? Q.kenja, Toshqin."
208,Natijasida,ko'makchi,post,Ko'm,vaz.ko'm,so'z shaklda,sabab,so'zlashuv,ot,Tunlari ko'p o'qishi natijasida ko'z pardalari xiralashib qoldi.
209,Negaki ,bog'lovchi,conj,Bog'l,sof bog'l,so'z shaklda,sabab,publisistik,,"Negaki hozirda mening ko'z yoshlarimgina emas, butun borlig'im siyohdir. A.Qodiriy, O'tkan kunlar."
210,Nechog`lik,bog'lovchi,conj,Bog'l,vaz.bog'l,so'z shaklda,miqdor-daraja,badiiy,ravish,"Hojining bu so'zi O'zbekoyimga nechog'liq yoqqan bo'lsa, Otabekni shu qadar yerga qaratgan edi. A.Qodiriy, O'tkan kunlar."
211,Nechukkim,bog'lovchi,conj,Bog'l,sof bog'l,so'z shaklda,sabab,badiiy,,"Nechukkim, menga nurli tal'ating jannat bilan tengdir. E.Vohidov, Saylanma"
212,Naqadar,yuklama,part,Yukl,vaz.yukl,so'z shaklda,miqdor-daraja,badiiy,ravish,Toshkent tongotari naqadar go'zal. G'ayratiy. 
213,Nimagaki ,bog'lovchi,conj,Bog'l,vaz.bog'l,so'z shaklda,sabab,so'zlashuv,olmosh,"Xursand bo'lish kerak, nimagaki bugun qishlog'imizga uyaz(uyezd)hokimi Fishman to'ra keladilar. M.ismoiliy, Farg'ona tong otguncha. "
214,Nisbatan ,ko'makchi,post,Ko'm,vaz.ko'm,so'z shaklda,qiyoslash,so'zlashuv,ravish,"Mahkamning bosiqligi esa uni Ochilga nisbatan bir necha yosh katta ko'rsatardi. P.Qodirov, Uch ildiz."
215,Nihoyat,yuklama,part,Yukl,vaz.yukl,so'z shaklda,kuchaytiruv-ta'kid,publisistik,modal so'z,"Elmurod ularning ovozlaridan o'z ishlaridan nihoyat xursand ekanliklarini sezdi.P.Tursun, O'qituvchi."
216,Nihoyati,yuklama,part,Yukl,sof yukl,so'z shaklda,ayiruv-chegaralov,badiiy,,"  -O'g'lingni o'limga olib borayotganim yo'q, nihoyati bir piyola choy ichadi-yu keladi, - dedim. A.Qodiriy, O'tkan kunlar."
217,Nihoyatda,yuklama,part,Yukl,vaz.yukl,so'z shaklda,kuchaytiruv-ta'kid,badiiy,ravish,"Kirgan eshigimiz hozir uchastka deb ataladigan oddiy, lekin mevazor, gulzor, nihoyatda didli, havasli odamlarning hovlisi ekan.A.Qahhor, Dumli odamlar"
218, -oq,yuklama,part,Yukl,sof yukl,qo'shimchasimon,kuchaytiruv-ta'kid,so'zlashuv,,"Mendan boshqa xotin bo'lsa, Zaynabingiz bilan birinchi kundanoq arazlashar edi. A.Qodiriy, O'tkan kunlar."
219, -ov,yuklama,part,Yukl,sof yukl,qo'shimchasimon,gumon,so'zlashuv,,"Bu notabiiy mashqlardan so'ng doim o'zini misli qushday yengil sezadi, hozir qanot chiqarib osmonga uchib ketaman-ov, deydi ruhlanib. N.Norqobilov, Kurash."
220, -oy,yuklama,part,Yukl,sof yukl,qo'shimchasimon,erkalash,so'zlashuv,,Salimaoy juda o'zini hurmat qiladigan ayollar toifasidan edi.Gazetadan.
221,Oid,ko'makchi,post,Ko'm,sof ko'm,so'z shaklda,tegishlilik,kitobiy,,"Medisinaga oid kitoblarni o'qib o'zida o'n ikki xil kasallik borligini ""kashf"" qilibdi. T.Malik, Falak."
222,Oldiga,ko'makchi,post,Ko'm,vaz.ko'm,so'z shaklda,o'rin-joy,so'zlashuv,ot,"Nizomjon uning oldiga jadal yurib ketdi. S.Ahmad, Ufq."
223,Oldida,ko'makchi,post,Ko'm,vaz.ko'm,so'z shaklda,o'rin-joy,so'zlashuv,ot,"Yangi kelgan vaqtingizda meni yomon yo'ldan qaytardingiz.. Butun zveno oldida ta'zir berib, odam bo'l, dedingiz. A.Qahhor, Qoshchinor chiroqlari. "
224,Oldidan,ko'makchi,post,Ko'm,vaz.ko'm,so'z shaklda,payt,so'zlashuv,ot,"Mansur xayrlashish oldidan eshik yonida turib sekingina: - Bir yoqqa borsangiz, Zulayxo opangizga aytib keting, - dedi. O'Hoshimov, Qalbingga quloq sol."
225,Oldin,ko'makchi,post,Ko'm,vaz.ko'm,so'z shaklda,payt,so'zlashuv,ravish,"Vahobjon urushdan oldin medisina texnikumini tugatib, Sumbulsoyga yuborilgan edi. S. Ahmad. Sumbul."
226,Ortiq,ko'makchi,post,Ko'm,vaz.ko'm,so'z shaklda,qiyoslash,so'zlashuv,sifat,"   -Venera  bog'chada- dedi Zuhra va bundan ortiq gap so'rashni istamadi, shekilli, o'zi savol berdi. A.Qahhor, Nurli cho'qqilar."
227,Ortig'i,ko'makchi,post,Ko'm,vaz.ko'm,so'z shaklda,qiyoslash,so'zlashuv,sifat,Undan ortig'iga chidash mumkin emas edi. Gazetadan
228,Orada,ko'makchi,post,Ko'm,vaz.ko'm,so'z shaklda,payt,so'zlashuv,ot,"Sho'rolar tomoniga o'tgan deyarli barcha bosmachilar umumiy afv to'g'risida dekret bo'lishiga qaramay, otib tashlandilar, eski maktablar, madrasalar tez orada bekitildi.""O'zbekiston tarixi"""
229,Orasiga,ko'makchi,post,Ko'm,vaz.ko'm,so'z shaklda,o'rin-joy,so'zlashuv,ot,Er-xotinning orasiga esi ketgan tushibdi. Maqol 
230,Orasida,ko'makchi,post,Ko'm,vaz.ko'm,so'z shaklda,o'rin-payt,so'zlashuv,ot,"O'n kun orasida hozirlikni bitirib to'y qildik. Nihoyat, saodat meniki bo'lib saodatlik kunlarim boshlandi.A.Qodiriy. O'tkan kunlar."
231,Orasidagi,ko'makchi,post,Ko'm,vaz.ko'm,so'z shaklda,o'rin-payt,so'zlashuv,ot,"Aytmoqchimizki, ""O'tkan kunlar"" bu jihati bilan ham eski va yangi adabiyot orasidagi ko'prik vazifasini ortig'I bilan uddalagan. ""Sharq yulduzi""."
232,Orasidan,ko'makchi,post,Ko'm,vaz.ko'm,so'z shaklda,payt,so'zlashuv,ot,Ovsinlar orasidan qil ham o'tmasdi. So'zlashuvdan
233,Ortiga,ko'makchi,post,Ko'm,vaz.ko'm,so'z shaklda,o'rin-joy,so'zlashuv,ot,Quyosh bulutlar ortiga yashirindi. 
234,Ortida,ko'makchi,post,Ko'm,vaz.ko'm,so'z shaklda,o'rin-joy,so'zlashuv,ot,"Bu jinoyat ortida turgan odamlar, albatta, jazolanishi lozim."
235,Ortidan,ko'makchi,post,Ko'm,vaz.ko'm,so'z shaklda,o'rin-joy,so'zlashuv,ot,Muammoni hal qilish uchun bu ish ortidan ko'p yugurdi.Bormagan tashkiloti qolmadi. Gazetadan.
236,Orqasiga,ko'makchi,post,Ko'm,vaz.ko'm,so'z shaklda,o'rin-joy,so'zlashuv,ot,Qachongacha mansabingiz orqasiga kirib yashaysiz! Bir kun kelib barcha kirdikorlaringiz fosh bo'lishidan qo'rqmaysizmi?
237,Orqasida,ko'makchi,post,Ko'm,vaz.ko'm,so'z shaklda,o'rin-joy,so'zlashuv,ot,"Kechaning o'ta qorong'isi orqasida loyxonada kishi bo'lganligini payqash qiyin edi. A.Qodiriy, O'tkan kunlar."
238,Orqasidan,ko'makchi,post,Ko'm,vaz.ko'm,so'z shaklda,o'rin-joy,so'zlashuv,ot,"Shu obro' orqasidan serhosil yerlarga egalik qilishlari  ham mumkin edi. T.Malik, Shaytanat."
239,Orqali,ko'makchi,post,Ko'm,sof ko'm,so'z shaklda,vosita,so'zlashuv,,"Men hali yosh bolaman, Ko'p joyni ko'rganim yo'q. Lekin kitob orqali Bildim talay yo'l-yo'riq. Q.Muhammadiy."
240,Ostiga,ko'makchi,post,Ko'm,vaz.ko'm,so'z shaklda,o'rin-joy,so'zlashuv,,"Tohir Malik ko'p asarlarida jinoyatchi to'dalarning turish-turmushi,  bu olam ruhiyatini  qalam ostiga oldi. Gazetadan"
241,Ostida,ko'makchi,post,Ko'm,vaz.ko'm,so'z shaklda,o'rin-joy,so'zlashuv,,Asarni o'qishga kirishishingiz bilan ko'z o'ngingizda rangin manzaralar paydo bo'la boshlaydi. Qulog'ingiz ostida ajib ohanglar jaranglay boshlaydi. O'Hoshimov. 
242,Ostidan,ko'makchi,post,Ko'm,vaz.ko'm,so'z shaklda,o'rin-joy,so'zlashuv,,Majburiyat ostidan iljayib qaradi.
243,Osha,ko'makchi,post,Ko'm,vaz.ko'm,so'z shaklda,payt,publisistik,fe'l,Alimardon unga yelkasi osha qaradi. O'.Hoshimov Qalbingga quloq sol. 
244,Oqibatida,ko'makchi,post,Ko'm,vaz.ko'm,so'z shaklda,sabab,publisistik,ot,"Lekin kuch-quvvat uni tark eta borishi, shamol uni orqaga suraverishi oqibatida u deyarli harakatsiz bir holga tushdi. Sh.Xolmirzayev, Saylanma."
245,Paytida,ko'makchi,post,Ko'm,vaz.ko'm,so'z shaklda,payt,so'zlashuv,ot,"Choy paytida Maqsuda onasiga ko'nglini biroz ochishga jur'at qildi. S.Zununova, Olov"
246,Qabilida,ko'makchi,post,Ko'm,sof ko'm,so'z shaklda,holat,kitobiy,,"Sen menga tegma, men senga tegmayman qabilida ish tutish - eng xavfli maraz. F.Musajonov, Himmat."
247,Qabilidan,ko'makchi,post,Ko'm,sof ko'm,so'z shaklda,holat,kitobiy,," Yegan og'iz uyalar qabilidan O'zbek oyim ham muomalani qudalarga qildi.A.Qodiriy,O'tkan kunlar."
248,Qadar,ko'makchi,post,Ko'm,sof ko'm,so'z shaklda,chegara,badiiy,,"Biz o'zimizni ichkariga olgach, darvozabon o'zining hazmi ko'targan qadar bizga to'ng'illaydir-da, darvozani berklash harakatiga tushadi. A.Qodiriy,O'tkan kunlar."
249,Qamrovida,ko'makchi,post,Ko'm,vaz.ko'm,so'z shaklda,mavzu ma'nosi,publisistik,ot,Ilmdan chetlashib siyosiy ishlar qamrovida qolib ketgani unga yaxshilik keltirmadi.Gazetadan Xayol qamrovi
250,Qanday ,bog'lovchi,conj,Bog'l,vaz.bog'l,so'z shaklda,holat,kitobiy,olmosh,"Sotib olingan qul qanday bo'lsa, u ham bizga shunday edi. Oybek, Tanlangan asarlar."
251,Qancha,bog'lovchi,conj,Bog'l,vaz.ko'm,so'z shaklda,daraja-miqdor,so'zlashuv,olmosh,"O'zbek oyim nabira masalasida qancha xursand bo'lsa, Otabek shunchalik xafa edi.A.Qodiriy, O'tkan kunlar."
252,Qarab,ko'makchi,post,Ko'm,vaz.ko'm,so'z shaklda,yo'nalish,publisistik,fe'l,"Hamonki , siz Samarqand safarini xayol qilar ekansiz, o'zingizning vazifalaringizni bilishingiz, shunga qarab amal qilishingiz lozim. Fitrat, Najot yo'li. "
253,Qaraganda,ko'makchi,post,Ko'm,vaz.ko'm,so'z shaklda,qiyoslash,so'zlashuv,fe'l,"Bu ikki o'rim soch qirq kokilga qaraganda juda ham o'ziga kelishib, unga yana bir qayta ulug'vorlik va oliyjanoblik bag'ishladi. A.Qodiriy,O'tkan kunlar."
254,Qaramay,ko'makchi,post,Ko'm,vaz.ko'm,so'z shaklda,to'siqsizlik,betaraf,fe'l,"Gavharning qarshiligiga qaramay, ikki marta suratga oldi-yu, rahmat aytib burilib ketdi. O'.Hoshimov,Qalbingga quloq sol."
255,Qaramasdan,ko'makchi,post,Ko'm,vaz.ko'm,so'z shaklda,to'siqsizlik,betaraf,fe'l,"Yo'talining azob berishiga qaramasdan, Turg'unoyning chehrasi ochiq, ishtaha bilan non yer edi. A.Qahhor, Maston"
256,Qarata,ko'makchi,post,Ko'm,vaz.ko'm,so'z shaklda,yo'nalish,kitobiy,fe'l,Kanalni bo'ylab o'tgan ko'chaning kun yurish tomoniga parkka qarata solingan klub odamga liq to'ldi.A. Qahhor. Qo'shchinor chiroqlari.
257,Qaratilgan,ko'makchi,post,Ko'm,vaz.ko'm,so'z shaklda,mavzu ma'nosi,rasmiy,fe'l,Muammolar yechimiga qaratilgan masalalar keyingi bandlarda keltirildi. Gazetadan
258,Qarashli ,ko'makchi,post,Ko'm,sof ko'm,so'z shaklda,tegishlilik,betaraf,,"Mamajon yalqovning kundalik daftarida turli yillarga qarashli bir necha sahifalarni yalqovning o'z dastxati, o'z og'zi bilan aytmoqchi bo'laman.G.G'ulom.Tirilgan murda."
259,Qarshi ,ko'makchi,post,Ko'm,vaz.ko'm,so'z shaklda,zidlik,kitobiy,sifat,"Hojixon ajina gapini tugatgach, o'chkorlar boshni bir yerga jamlab, bunga qarshi chora axtarishdi. A.Obidjon, Meshpolvonning janglari."
260,Qarshisiga ,ko'makchi,post,Ko'm,vaz.ko'm,so'z shaklda,o'rin,so'zlashuv,ot, Sizdaqalar mening orzularim qarshisiga hech qachon to'siq qo'ya olmaysiz
261,Qarshimda,ko'makchi,post,Ko'm,vaz.ko'm,so'z shaklda,o'rin,so'zlashuv,ot,"Umid qilamanki, mening qarshimda turgan  - siz yoshlar Vatanning kelajagisiz."
262,Qarshisida,ko'makchi,post,Ko'm,vaz.ko'm,so'z shaklda,o'rin,so'zlashuv,ot,"Shuning uchun kutmagan hol qarshisida biroz dovdirab qoldi. Oybek, Tanlangan asarlar."
263,Qatori,ko'makchi,post,Ko'm,vaz.ko'm,so'z shaklda,o'xshatish,badiiy,ot," Mana endi, u odamlar qatori ertalab ishga borib, kechki payt, el-yurt qatori uyga qaytadi. T.Ashurov, Oq ot."
264,Qatorida,ko'makchi,post,Ko'm,vaz.ko'm,so'z shaklda,o'xshatish,badiiy,ot,"Yusufbek hoji bekning uylanishini ham oddiy gaplar qatorida eshitib o'tkardi. A.Qodiriy,O'tkan kunlar"
265,Qachon ,bog'lovchi,conj,Bog'l,vaz.bog'l,so'z shaklda,payt,kitobiy,olmosh,"Qachon uning paranjisini ko'rsa, qachon ovozini to'satdan eshitsa, yigit qaltiraydi, rangi oqaradi. Oybek, Tanlangan asarlar. "
266,Qaysi,bog'lovchi,conj,Bog'l,vaz.bog'l,so'z shaklda,tegishlilik,badiiy,olmosh,"Sen qaysi yo'ldan boshlasang, shu yo'ldan yuraman."
267,Qaysiki,bog'lovchi,conj,Bog'l,vaz.bog'l,so'z shaklda,tegishlilik,badiiy,olmosh,"Qaysiki yurtda ta'lim to'g'ri yo'lga qo'yilsa, u yurt, albatta, rivojlanadi. Gazetadan"
268,Qachonki,bog'lovchi,conj,Bog'l,vaz.bog'l,so'z shaklda,biriktiruv,badiiy,olmosh,"Qachonki niyatlaringni to'g'rilaysan, sunda hayoting ham shunga qarab o'zgaradi. "
269, -qina,yuklama,part,Yukl,vaz.yukl,qo'shimchasimon,ayiruv-chegaralov,so'zlashuv,ot.erk.qo'shimchasi,Dushmanning ayovsiz qirg'inidan shu bir qizaloqqina omon qolibdi. Ertakdan
270,Qip-,yuklama,part,Yukl,sof yukl,qo'shimchasimon,kuchaytiruv,so'zlashuv,,"""Buqa""lar chempion bo'lolmaydi.Agar bu ish amalga oshsa, Leypsig markazida qip-yalang'och holda sayr qilaman"", - dedi sharhlovchi Sport1 xabarida. Ijtimoiy tarmoq xabari"
271,Qoshida,ko'makchi,post,Ko'm,vaz.ko'm,so'z shaklda,o'rin,badiiy,ot,"Yomonlarning qoshida yalinish yaxshilarning ishi emas. ""Hikmatnoma""dan"
272,Qoshimga,ko'makchi,post,Ko'm,vaz.ko'm,so'z shaklda,o'rin,badiiy,ot,"Hech kim rahm aylamas qonli yoshimga, Shakar aka kelgin mening qoshimga.""Shirin bilan Shakar"""
273,Qoshimda,ko'makchi,post,Ko'm,vaz.ko'm,so'z shaklda,o'rin,badiiy,ot,"Uch qizim bor, bir o'glim bor qoshimda, Baxt-u davlat keldi yetmish yoshimda.Habibiy."
274,Qoshimdan,ko'makchi,post,Ko'm,vaz.ko'm,so'z shaklda,o'rin,badiiy,ot,"Qoshimdan noz-istig'no bilan ketding, yomon bo'ldi, Qoshimga noz-istig'no bilan kelsang, yomon bo'lmas.J.Kamol"
275,Qoq,yuklama,part,Yukl,vaz.yukl,so'z shaklda,o'xshatish,badiiy,sifat," Butun jonzotga hayot beruvchi quyosh erta bilan ko'tariladi-yu, qoq tushga kelib, tik turib oladi. ""Oltin beshik""  (xuddi,ayni ma'nosida) O'TIL.T-2020. 5-tom.354-s."
276,Qop-,yuklama,part,Yukl,sof yukl,qo'shimchasimon,kuchaytiruv,so'zlashuv,,"Agar hayotimizning barcha maqsad-mazmuni oiladagi shaxsiy baxtimizdan iborat bo'lganida, shaxsiy baxtimiz birgina oiladagi muhabbatda o'z ifodasini topganda edi, unda hayot deganlari chindan ham qop-qorong'u sahroga aylanib qolgan bo'lar edi. T.Malik, Odamiylik mulki."
277,Qurg'ur,yuklama,part,Yukl,sof yukl,so'z shaklda,kuchaytiruv,so'zlashuv,," Va shabboda qurg'ur ilk sahar, Olib ketdi gulning totini. H.Olimjon."
278,Ro'parasida,ko'makchi,post,Ko'm,vaz.ko'm,so'z shaklda,o'rin,badiiy,ot,"Deraza ro'parasidagi tuynukdan Ruzvonning boshi ko'rindi. S.Zununova,Yangi direktor."
279,Ravishda,ko'makchi,post,Ko'm,vaz.ko'm,so'z shaklda,holat,badiiy,ot,"Bo'layotgan gaplar biron joyda yozma ravishda qayd qilinmasin.S.Ahmad, Yulduz."
280,Sabab,ko'makchi,post,Ko'm,vaz.ko'm,so'z shaklda,sabab,betaraf,ot,Podsho xasta bo'lgani sabab to'ylari to'xtalibdi. Ertakdan
281,Sababli,ko'makchi,post,Ko'm,vaz.ko'm,so'z shaklda,sabab,betaraf,sifat,"Shayxzoda o'ziga qo'yilgan ayblar biror dalil bilan isbaotlanmagani sababli o'z ishini qayta ko'rishlarini talab qilib, tegishli idoralarga arizalar yozadi. N.Karimov, Maqsud Shayxzoda."
282,Sayin ,ko'makchi,post,Ko'm,sof ko'm,so'z shaklda,yo'nalish,betaraf,,"Kun sayin ozadi yuragim, kun sayin vujudim semirar. Shavkat Rahmon, Yurak qirralari."
283,Sari,ko'makchi,post,Ko'm,sof ko'm,so'z shaklda,yo'nalish,betaraf,,Insof sari baraka.Maqol
284,Sira,yuklama,part,Yukl,sof yukl,so'z shaklda,inkor ,badiiy,,Bog' xayoli Yusufni sira tinch qo'ymasdi. U.Hamdam.Muvozanat.
285,Sifatida,ko'makchi,post,Ko'm,vaz.ko'm,so'z shaklda,o'xshatish,kitobiy,ot,"Bir adib sifatida aytishim mumkinki, bunday fazilatga erishish oson emas. S.Karomatov, Oltin qum."
286,Sifatidagi,ko'makchi,post,Ko'm,vaz.ko'm,so'z shaklda,o'xshatish,kitobiy,ot,Bizning oʻqituvchi sifatidagi vazifamiz oʻquvchilarga akademik oʻsishni oldinga qoʻyilgan kichik qadamlar bilan birga ba’zan orqaga qoʻyilgan bir necha qadamlardan ham iborat jarayon ekanligini tushunishga yordam berishdir. https://sinaps.uz/maqola/12785/
287,Singari,ko'makchi,post,Ko'm,sof ko'm,so'z shaklda,o'xshatish-qiyoslash,badiiy,,"Shimirib nafas oldim. Havo xuddi qalbimdagi iliqlik singari yoqimli edi. O'.Umarbekov, Sevgim-sevgilim."
288,Suratiga ,ko'makchi,post,Ko'm,vaz.ko'm,so'z shaklda,o'xshatish,badiiy,ot,Muqbil bir qalandar suratiga kirib yo'lga chiqibdi.Ertakdan
289,Suratda,ko'makchi,post,Ko'm,vaz.ko'm,so'z shaklda,payt,rasmiy,ot,"shoshilinch suratda, muntazam suratda"
290,So`ng,ko'makchi,post,Ko'm,vaz.ko'm,so'z shaklda,payt,kitobiy,ravish,"Bu notabiiy mashqlardan so'ng doim o'zini misli qushday yengil sezadi, hozir qanot chiqarib osmonga uchib ketaman-ov, deydi ruhlanib. N.Norqobilov, Kurash."
291,So'ngra,ko'makchi,post,Ko'm,vaz.ko'm,so'z shaklda,payt,kitobiy,ravish,"Ularning eng avvali, albatta, xalq-u Vataningdir! Undan so'ngra, balkim, ustoz-u shogirdlar. N.Jabborov,She'riyat aslida hikmatdir."
292, -sa,bog'lovchi,conj,Bog'l,vaz.bog'l,qo'shimchasimon,shart,kitobiy,sint.shakl yas.,"Bosh omon bo'lsa, do'ppi topiladi. Maqol"
293,Tagida,ko'makchi,post,Ko'm,vaz.ko'm,so'z shaklda,o'rin,so'zlashuv,ot,"Bitmas-tuganmas bilimning tagida mashaqqatli mehnat yotadi. ""Hikmatnoma""dan"
294,Tagidan,ko'makchi,post,Ko'm,vaz.ko'm,so'z shaklda,o'rin,so'zlashuv,ot,Zolimlikka qurilgan saltanat tez fursatda tagidan zil ketadi
295,Tan,ko'makchi,post,Ko'm,vaz.ko'm,so'z shaklda,tomon,so'zlashuv,ot,"Kim zo'r bo'lsa jazosini beraman, Kambag'al Nazarning tani bo'laman.Dostondan"
296,Tanho,yuklama,part,Yukl,vaz.yukl,so'z shaklda,ayiruv-chegaralov,badiiy,sifat,"Qani endi, butun borliqqa tanho o'zing hukmron bo'lsang. F.Musajonov, Himmat."
297,Tanhogina,yuklama,part,Yukl,vaz.yukl,so'z shaklda,ayiruv-chegaralov,badiiy,sifat,"U dargohda rang bor, olov bor, Tanhogina sen yo'qsan, gulim. R.Parfi, Ko'zlar."
298,Tarafga,ko'makchi,post,Ko'm,vaz.ko'm,so'z shaklda,yo'nalish,so'zlashuv,ot,"Aytmadi, so'rasam gapni boshqa tarafga chalg'itdi. A.Qodiriy, O'tkan kunlar."
299,Tarafda,ko'makchi,post,Ko'm,vaz.ko'm,so'z shaklda,yo'nalish,so'zlashuv,ot,"Do'stim, men har doim sen tarafda turaman, ishon. So'zlashuvdan"
300,Tarafdan,ko'makchi,post,Ko'm,vaz.ko'm,so'z shaklda,yo'nalish,so'zlashuv,ot,"Kunduzi qum tarafdan iliq, nafasni qaytaradigan shamol esadi. S.Ahmad, Ufq."
301,Tarafidan,ko'makchi,post,Ko'm,vaz.ko'm,so'z shaklda,yo'nalish,rasmiy,ot,"O'z yonlaridan sarf qilish uchun aqchalari yo'q, hukumat tarafidan beriladigan salmog'I yo'q edi. A.Qodiriy, Mehrobdan chayon. "
302,Tarzda,ko'makchi,post,Ko'm,vaz.ko'm,so'z shaklda,holat,kitobiy,ot,"Hafiz Mirzamuhammedovich odatiga xilof tarzda ko'proq gapirib qo'yganini payqadi, shekilli, birdan to'xtab qoldi. S.Karomatov, Oltin qum."
303,Tarzida,ko'makchi,post,Ko'm,vaz.ko'm,so'z shaklda,holat,kitobiy,ot,"O'lpon to'lashdan bosh tortganlari uchun, o'n olti ming Xilari jarima tarzida tortib olib kelindi. P.Qodirov, Yulduzli tunlar. "
304,Tariqa,ko'makchi,post,Ko'm,vaz.ko'm,so'z shaklda,holat,kitobiy,ot,Shu tariqa maktabda o'qish-o'qitish ishlari mustahkam izga tushib ketdi. M.Ismoiliy. Farg'ona tong otguncha.
305,Tariqasida,ko'makchi,post,Ko'm,vaz.ko'm,so'z shaklda,holat,badiiy,ot,"Ba'zan u betimning qalini - jonimning huzuri tariqasida ish qilardi. Mirmuhsin, Memor."
306,Taxlit ,ko'makchi,post,Ko'm,vaz.ko'm,so'z shaklda,o'xshatish-qiyoslash,kitobiy,ot,"Bu taxlit chistoniy baytlarqadimda ham oliy hazratning istaklari ila bitilur edi. S.Siyoyev, Avaz"
307,Taxlitda,ko'makchi,post,Ko'm,vaz.ko'm,so'z shaklda,o'xshatish-qiyoslash,kitobiy,ot,"Nonni ishtahasiz tishlar, miskarlar tomonidan samovar taxlitda yasalgan qumg'ondan choy quyar edi. Oybek, Tanlangan asarlar."
308,Tashqari ,ko'makchi,post,Ko'm,vaz.ko'm,so'z shaklda,ayiruv-chegaralov,kitobiy,ot,"Axir fransuzga maoshdan tashqari yana ijara uy, kelib-ketish xarajatlarini ham ko'tarish shart bo'ladi. U.Hamdam, Muvozanat"
309,Tag`in ,yuklama,part,Yukl,vaz.yukl,so'z shaklda,ta'kid ,so'zlashuv,ravish,"Men seni shashtingdan qaytarib qo'ygan bo'lmay tag'in. A.Muxtor, Opa-singillar."
310,Taalluqli,ko'makchi,post,Ko'm,sof ko'm,so'z shaklda,tegishlilik,kitobiy,,"Mahkamov boshliqning og'ziga ko'z tikib, ishga taalluqli biror muhim gap kutardi. ""Mushtum"""
311,Taqir,yuklama,part,Yukl,sof yukl,so'z shaklda,inkor ,badiiy,,"Mumkinmi, aytgin axir? Bu ish yaramas taqir. Q.Muhammadiy"
312,Tengi,ko'makchi,post,Ko'm,vaz.ko'm,so'z shaklda,o'xshatish,so'zlashuv,sifat,"Bu-qotmadan kelgan, qoracha,leytenant Sultonov tengi kishi edi. O'.Umarbekov. Yoz yomg'iri"
313,Tegra,ko'makchi,post,Ko'm,vaz.ko'm,so'z shaklda,o'rin-joy,badiiy,ot,"Barcha parilar, ey jon, girdingda zoru hayron, Go'yo erur namoyon oy tegrasida lola. Z.M.Bobur."
314,Tegishli,ko'makchi,post,Ko'm,sof ko'm,so'z shaklda,tegishlilik,kitobiy,,"Boshingdan o'tgani bu do'xtir bolamizga tegishli emas. T.Malik, Xazonrezgi."
315,Tepasiga,ko'makchi,post,Ko'm,vaz.ko'm,so'z shaklda,o'rin-joy,so'zlashuv,ot,"Adolat uxlayotgan juvonning tepasiga bordi. I.Rahim, Chin muhabbat."
316,Tepasida,ko'makchi,post,Ko'm,vaz.ko'm,so'z shaklda,o'rin-joy,so'zlashuv,ot,"O'tgan kuni shu ikki yigitni qozon tepasida et olayotganlarida ko'rgan edilar. Mirmuhsin, Me'mor."
317,Tim I,yuklama,part,Yukl,vaz.yukl,so'z shaklda,kuchaytiruv,badiiy,ot,"U qayg'uning tim qorongi burchaklarida halokatli bir qarorga kelmoqdalar. Shekspir, Hamlet. "
318,Tim II,yuklama,part,Yukl,vaz.yukl,so'z shaklda,inkor ,so'zlashuv,ot,"Xon Dalli bu so'zlarni eshitib, yuragida tim toqati qolmadi, eri mard Hasanga qarab…bir so'z dedi. ""Ravshan"" dostonidan."
319,To,yuklama,part,Yukl,sof yukl,so'z shaklda,o'rin-payt,so'zlashuv,,"Rahim Saidov to bir qarorga kelguncha, said aka masalani hal qildi. O'.Umarbekov,Yoz yomg'iri"
320,Toki,yuklama,conj,Yukl,sof yukl,so'z shaklda,kuchaytiruv-ta'kid,badiiy,,"Toki bormen, suymagan odamingizga uzattirmasmen.P.Qodirov, Yulduzli tunlar."
321,Toinki I,bog'lovchi,conj,Bog'l,sof bog'l,so'z shaklda,biriktiruv,badiiy,,"Qattiqroq gapiring, toinki hamma eshirsin. O'TIL. 4-tom 134-s. Toshkent -2020"
322,Tobora,yuklama,part,Yukl,sof yukl,so'z shaklda,kuchaytiruv-ta'kid,badiiy,,"U o'z hayotidan qoniqmas, umrining kun bilan tunning o'zgarishiday bir xil ekanligi uni tobora hafsalasiz qilib qo'ygan,tez-tez qishloq xotiralariga berilib ketardi. N.Eshonqul, Yalpiz hidi."
323,Tomon,ko'makchi,post,Ko'm,vaz.ko'm,so'z shaklda,yo'nalish,so'zlashuv,ot,Kechga tomon Sobirning xonasiga Odil buva kirib keldi. R.Fayziy. Cho'lga bahor keldi.
324,Tomonga,ko'makchi,post,Ko'm,vaz.ko'm,so'z shaklda,yo'nalish,so'zlashuv,ot,"Oshiqbola bilan Oytumorning qarindosh-urug'lari olislik qilib bu marosimga ularni ayta olishmagani sababli, Meshpolvonning dadasi kuyov tomonga, onasi kelin tomonga mutasaddi bo'ldi…A.Obidjon, Meshpolvonning janglari."
325,Tomonda,ko'makchi,post,Ko'm,vaz.ko'm,so'z shaklda,yo'nalish,so'zlashuv,ot,"Men tomonda bo'lsa yorim, yovlar menga qo'rqinchmas. Qo'shiqdan."
326,Tomondan,ko'makchi,post,Ko'm,vaz.ko'm,so'z shaklda,o'rin-joy,so'zlashuv,ot,"Bir tomondan ferma mudiri…uning o'rnida siz bo'lsangiz-u, ko'z oldingizda boshi ochiq bir juvon qilpillab yursa… E, sodda ekansiz, uka!A.Qahhor, Qo'shchinor chiroqlari."
327,Tomonidan,ko'makchi,post,Ko'm,vaz.ko'm,so'z shaklda,o'rin-joy,so'zlashuv,ot,Ammo olamshumul bu kashfiyot ilmiy kengash tomonidan yetarli baholanmaganga o'xshaydi. X.To'xtaboyev. Shirin qovunlar mamlakati
328,Tortib,ko'makchi,post,Ko'm,vaz.ko'm,so'z shaklda,payt,so'zlashuv,fe'l,"Oyog'imdan tortib basharamgacha qonga bo'yaldim. G'.G'ulom, Shumbola"
329,Tubiga,ko'makchi,post,Ko'm,vaz.ko'm,so'z shaklda,o'rin-joy,kitobiy,ot,Shu ishning tubiga yetish uchun qancha harakat qildi. Gazetadan
330,Tubida,ko'makchi,post,Ko'm,vaz.ko'm,so'z shaklda,o'rin-joy,kitobiy,ot,"Bu so'zlarning tubida juda katta rashk borligini sezdim. M.Qoriyev, Oydin kechalar."
331,Tufayli,ko'makchi,post,Ko'm,vaz.ko'm,so'z shaklda,sabab,kitobiy,sifat,"O'n qadoq jo'xori tufayli shu ko'yga tushaman, deb Avaz sira o'ylamagan edi.S.Siyoyev, Avaz."
332,Tushkur,yuklama,part,Yukl,sof yukl,so'z shaklda,kuchaytiruv,so'zlashuv,,"Biroq qizi tushkurning husnimi, shirin so'zlarimi, harqalay, G'iyosiddinning til-jag'ini bog'lab, qulog'ini kar, ko'zini ko'r qilib qo'ygan edi.S.Ahmad, Hukm."
333,Tugul ,yuklama,part,Yukl,sof yukl,so'z shaklda,inkor ,so'zlashuv,,"Jon shunaqa shirin narsaki, oshna-og'ayni tugul, ota-onadan tondiradi! Shuhrat, Oltin zanglamas."
334,Tushmagur,yuklama,part,Yukl,sof yukl,so'z shaklda,kuchaytiruv,so'zlashuv,,Qiz tushmagur o'yinga usta ekan
335,To`g`rida,ko'makchi,post,Ko'm,vaz.ko'm,so'z shaklda,mavzu ma'nosi,so'zlashuv,sifat,"Bu to'g'rida maktab direktori, o'qituvchilar gapirsa, o'zimga olmas edim. A.Qahhor"
336,To`g`risida,ko'makchi,post,Ko'm,vaz.ko'm,so'z shaklda,mavzu ma'nosi,so'zlashuv,sifat,"Sho'rolar tomoniga o'tgan deyarli barcha bosmachilar umumiy afv to'g'risida dekret bo'lishiga qaramay, otib tashlandilar, eski maktablar, madrasalar tez orada bekitildi.""O'zbekiston tarixi"""
337,To`g`risidan,ko'makchi,post,Ko'm,vaz.ko'm,so'z shaklda,mavzu ma'nosi,so'zlashuv,sifat,Pul to'g'risidan biroz qiynalib qolibdi.
338,To'g'ringizda,ko'makchi,post,Ko'm,vaz.ko'm,so'z shaklda,mavzu ma'nosi,so'zlashuv,sifat,"Sizni sirtdan tanirdim, siz to'g'ringizda ko'p eshitganman. K.Yashin, Hamza."
339, -u   I,yuklama,part,Yukl,sof yukl,qo'shimchasimon,kuchaytiruv-ta'kid,so'zlashuv,,Hammasiga aybdor o'zing-u! Yana to's-to'poloningga balo bormi? 
340, -u    II,bog'lovchi,conj,Bog'l,vaz.bog'l,qo'shimchasimon,biriktiruv,kitobiy,,"Ularning eng avvali, albatta, xalq-u Vataningdir! Undan so'ngra, balkim, ustoz-u shogirdlar. N.Jabborov,She'riyat aslida hikmatdir."
341,Ustiga,ko'makchi,post,Ko'm,vaz.ko'm,so'z shaklda,o'rin-payt,kitobiy,ot,"Mazkur sifatlarga ega bo'lgan odamlar uchun barcha noz-ne'mat, rohat-farog'atlar ustiga Alloh taolodan rozilik ham… Islom.uz. Maqola "
342,Ustida I ,ko'makchi,post,Ko'm,vaz.ko'm,so'z shaklda,o'rin-payt,kitobiy,ot,"Choy ustida eri ruhiyasini kuzatadi, uning nechundir kayfi buzuq. Mirmuhsin, Topilgan husn."
343,Ustida II,ko'makchi,post,Ko'm,vaz.ko'm,so'z shaklda,mavzu ma'nosi,so'zlashuv,ot,Gap futbol ustida ketganda uni to'xtatib bo'lmasdi.
344,Ustidan,ko'makchi,post,Ko'm,vaz.ko'm,so'z shaklda,o'rin-payt,so'zlashuv,ot,"Domla ikki shisha pivoning ustidan yuz gramm aroqni bitta otib, o'rnidan turdi. A.Qahhor, To'yda aza."
345,Uchun I,ko'makchi,post,Ko'm,sof ko'm,so'z shaklda,maqsad-sabab,so'zlashuv,,"Ko'p yillardan buyon niyat va orzularda, xayol kengliklarida bo'y ko'rsatgan go'zal asarni yaratish uchun barcha hozirliklar ko'rib bo'lingan edi go'yo. I.Sulton, Alisher Navoiy. "
346,Uchun II,ko'makchi,post,Ko'm,sof ko'm,so'z shaklda,atalganlik,so'zlashuv,,"Yorim uchun keltiray, quchoq-quchoq gullarni… Xalq qo'shiqlari"
347,Va,bog'lovchi,conj,Bog'l,sof bog'l,so'z shaklda,biriktiruv,kitobiy,,"Uy kichkina, lekin yorug' va toza edi. Oybek, Tanlangan asarlar."
348,Va lekin,bog'lovchi,conj,Bog'l,sof bog'l,so'z shaklda,zidlov ,badiiy,,"Bolari tilida - og'zida asal, Ming bir dardga davo, xushta'm va go'zal, Va lekin dumida nish - zahari bor, Men uni unutib, ko'p bo'ldim o'sal. Azim Suyun."
349,Vaqtida,ko'makchi,post,Ko'm,vaz.ko'm,so'z shaklda,payt,betaraf,ot,"…qizlik vaqtida Nuri ularning kulbasiga juda oz chiqar edi. Oybek, Tanlangan asarlar."
350,Vajidan,ko'makchi,post,Ko'm,vaz.ko'm,so'z shaklda,sabab,kitobiy,ot,"Bilmagan odami uni tirikchilik vajidan qiynalib qolgan gumon qiladi. A.Qahhor, Asarlar."
351,Vositasida,ko'makchi,post,Ko'm,vaz.ko'm,so'z shaklda,vosita,kitobiy,ot,"…ularning [davlatmandlarning] ziyofatlari vositasida ba'zi madrasalarning mudarrislari, muharrirlari bilan ham tanishdi. A.Qodiriy, Mehrobdan chayon."
352,Vositamda,ko'makchi,post,Ko'm,vaz.ko'm,so'z shaklda,vosita,kitobiy,ot,"…faqat u mening vositamda to'yni boshlash uchun sizdan izn olgani kelgan ekan. A.Qodiriy, Mehrobdan chayon."
353,Vaholanki,bog'lovchi,conj,Bog'l,sof bog'l,so'z shaklda,zidlik,kitobiy,,"Boyvachchadan gumonim yo'q deyapsiz, vaholanki, sizni yo'ldan urgan o'sha. S.Yunosov.Kutilmagan xazina. "
354,Xoh…xoh,bog'lovchi,conj,Bog'l,sof bog'l,so'z shaklda,ayiruv-chegaralov,so'zlashuv,,"Xoh yosh, xoh qari - hamma to'plandi."
355,Xolos,yuklama,part,Yukl,sof yukl,so'z shaklda,ayiruv-chegaralov,kitobiy,,"Shoirlar aldaydi bizni, jonginam, Bahor doim emas, uch oydir xolos. A.Oripov. "
356,Xos,ko'makchi,post,Ko'm,vaz.ko'm,so'z shaklda,tegishlilik,so'zlashuv,sifat,Klara ayollarga xos chiroyli harakat bilan sochini orqasiga tashlab yubordi. O'.Hoshimov. Qalbingga quloq sol.
357, -xon,yuklama,part,Yukl,sof yukl,qo'shimchasimon,erkalash-kesatiq,so'zlashuv,,"Barnoxon, bolaginaga rahm qilsangiz bo'lardi, harqalay, siz ham onasiz, axir."
358,Xuddi,yuklama,part,Yukl,sof yukl,so'z shaklda,o'xshatish,so'zlashuv,,"Shimirib nafas oldim. Havo xuddi qalbimdagi iliqlik singari yoqimli edi. O'.Umarbekov, Sevgim-sevgilim."
359,Xususda,ko'makchi,post,Ko'm,vaz.ko'm,so'z shaklda,mavzu ma'nosi,so'zlashuv,ot,Shundan so'ng bu xuxusda boshqa bahs qilinmadi.
360, -ya,yuklama,part,Yukl,sof yukl,qo'shimchasimon,so'roq-taajjub,so'zlashuv,sof yukl,"Baraka topkur, zap fayzli ayol-da, Bemorning og'rig'ini ikki og'iz so'z bilan tuzatvoradi-ya. S.Ahmad, Azroil o'tgan yo'llarda."
361, -yam,yuklama,part,Yukl,sof yukl,qo'shimchasimon,kuchaytiruv-ta'kid,so'zlashuv,,"U otda, men yayov.Qo'limda shashpari…o'ziyam devday baquvvat, zug'umli yigit edi-da… Oybek. Bolaning ko'ngli poshsho."
362,Yagona,yuklama,part,Yukl,vaz.yukl,so'z shaklda,ayiruv-chegaralov,so'zlashuv,sifat,"Shirin afsonalar aytib yulduzlar, Yoniga chorlaydi meni yagona. R.Parfi."
363,Yakka,yuklama,part,Yukl,vaz.yukl,so'z shaklda,ayiruv-chegaralov,kitobiy,sifat,"Yolg'iz meni o'yla intizor, O'ylaringda men yashay yakka. R.Parfi"
364,Yanglig',ko'makchi,post,Ko'm,sof yukl,so'z shaklda,o'xshatish,badiiy,,"Oy va yulduzlar xuddi artib tozalangan dur yanglig' yarqirab, olamga fusun bag'ishlardi. U.Hamdam, Muvozanat."
365,Yerda I,ko'makchi,post,Ko'm,vaz.ko'm,so'z shaklda,sabab,so'zlashuv,ot,"Ro'zimat aytmoqchi, gap boshqa yerda bo'lishi ham mumkin. A.Qahhor, Qo'shchinor chiroqlari. "
366,Yerda II,ko'makchi,post,Ko'm,vaz.ko'm,so'z.shaklda,payt,so'zlashuv,ot,Kutilmagan yerda shaharning a'yonlaridan bo'lgan Salim sharbatdor deganning Komilbek ismli o'g'lidan sovchilar kelib qoldi. A.Qodiriy. O'tkan kunlar. 
367,Yerida ,ko'makchi,post,Ko'm,vaz.ko'm,so'z shaklda,o'rin,so'zlashuv,ot,"Sariq atlasni kiyishga chog'lab ko'rgan bo'lsa-da, biroq ko'ylakni olgan yerida bu fikrdan qaytdi. K.Yashin, Hamza."
368,Yo'lida,ko'makchi,post,Ko'm,vaz.ko'm,so'z shaklda,maqsad,kitobiy,ot,Jadidlar o'z qarashlari yo'lida haqiqatga tik boqqanlar. Gazetadan
369,Yo'sin,ko'makchi,post,Ko'm,vaz.ko'm,so'z shaklda,holat,badiiy,ot,"Shu yo'sin qizlar o'zlarining bir o'rtoqlarini xotinlik dunyosiga uzatib, majlisdan tarqalishdilar. A.Qodiriy, O'tkan kunlar"
370,Yo'sinda,ko'makchi,post,Ko'm,vaz.ko'm,so'z shaklda,holat,badiiy,ot,"Otabekning Marg'ilonga borib-kelishi shu yo'sinda edi. A.Qodiriy, O'tkan kunlar"
371,Yo,bog'lovchi,conj,Bog'l,vaz.bog'l,so'z shaklda,ayiruv,betaraf,undov,"Yo siz keling, yo men boray. Xalq qo'shiqlari."
372, -yoq,yuklama,part,Yukl,sof yukl,qo'shimchasimon,kuchaytiruv-ta'kid,so'zlashuv,,She'rda Omon Matjonning o'sha paytlardayoq o'z millatining tenglar ichra teng bo'lishini istagani yaqqol ko'zga tashlanadi. O.Matjon 
373,Yoki ,bog'lovchi,conj,Bog'l,sof bog'l,so'z shaklda,ayiruv,kitobiy,,"Men boraymi, yoki o'zing kelasanmi?"
374,Yoinki,bog'lovchi,conj,Bog'l,sof bog'l,so'z shaklda,ayiruv,kitobiy,,"Chamadonchamni ko'tarib, u yoqqa chopaman, bu yoqqa chopaman, qani endi, bo'yracha soya yoinki bir piyolagina yaxna topilsa!H.G'ulom, Zamin yulduzlari."
375,Yolg'iz,yuklama,part,Yukl,vaz.yukl,so'z shaklda,ayiruv-chegaralov,badiiy,sifat,"Axir men muhabbatimni ehtiyot qilolmagan, yolg'iz yaxshi ko'rish bilan kifoyalanib yurgan odamman-ku!O'.Hoshimov, Xayollarga bo'laman tutqun."
376,Yoxud,bog'lovchi,conj,Bog'l,sof bog'l,so'z shaklda,ayiruv,kitobiy,,"Bir-ikki she'r yoxud bir drama asar yozib, adabiyotning butun masalasini tushunaman, deb da'vo qiluvchi kishilar ham yo'q emasdi. N.Safarov, Olovli izlar."
377,Yoniga ,ko'makchi,post,Ko'm,vaz.ko'm,so'z shaklda,o'rin-joy,so'zlashuv,ot,"G'ulomjon o'choq yoniga o'tirib, qo'llarini isita boshladi. M.ismoiliy, Farg'ona tong otguncha. "
378,Yonida,ko'makchi,post,Ko'm,vaz.ko'm,so'z shaklda,o'rin-joy,so'zlashuv,ot," Azizbek yonida qanday mavqe tutgan bo'lsa, Normuhammad qushbegi oldida undan ham yuqoriroq va ma'noliroq e'tibor qozondi. A.Qodiriy, O'tkan kunlar."
379,Yonidan,ko'makchi,post,Ko'm,vaz.ko'm,so'z shaklda,o'rin-joy,so'zlashuv,ot,"Qo'rqib, ayamning yonidan jilmay qoldim. S.Siyoyev, Yorug'lik."
380,Yoqasiga,ko'makchi,post,Ko'm,vaz.ko'm,so'z shaklda,o'rin-joy,badiiy,ot,"Elgeldi qamishzorni oralab, ko'l yoqasiga chiqdi. A.Muxtor, Qoraqalpoq qissasi"
381,Yoqasida,ko'makchi,post,Ko'm,vaz.ko'm,so'z shaklda,o'rin-joy,badiiy,ot,"O'lim yoqasida jon olib, jon bergan yigit bu kunlarni ozmuncha o'ylaganmidi. S.Ahmad. Ufq."
382,Yoqasidan,ko'makchi,post,Ko'm,vaz.ko'm,so'z shaklda,o'rin-joy,badiiy,ot,U hayotimni jar yoqasidan olib chiqdi.
383,Yoqalab,ko'makchi,post,Ko'm,vaz.ko'm,so'z shaklda,o'rin-joy,badiiy,fe'l,"O'rmon yoqalab to'rt soat yurdik.T.Rustamov, Mangu jasorat."
384, -yu I,yuklama,part,Yukl,sof yukl,qo'shimchasimon,kuchaytiruv-ta'kid,so'zlashuv,,"Shu ham ish bo'ldi-yu! E.Raimov, Ajab qishloq."
385, -yu II,bog'lovchi,conj,Bog'l,vaz.bog'l,qo'shimchasimon,biriktiruv,so'zlashuv,yuklama,"U anchadan keyin o'ziga keldi-yu, tepasida xotini turganini, qizchalari yig'layotganini payqadi. O'.Hoshimov, Urushning so'nggi qurboni."
386, -yu III,bog'lovchi,conj,Bog'l,vaz.bog'l,qo'shimchasimon,zidlov ,so'zlashuv,yuklama,"Yo'qchilik g'ayratli, ishchan odamning eshigidan mo'ralaydi-yu, ichkariga kira olmaydi.""Hikmatnoma""dan"
387,Yuqorida,ko'makchi,post,Ko'm,vaz.ko'm,so'z shaklda,o'rin-joy,badiiy,ravish,"Uning husndagian emas,aqlda va boshqada zaynabdan necha baravar yuqorida ekanini o'yladi. A.Qodiriy"
388,Yuzida,ko'makchi,post,Ko'm,vaz.ko'm,so'z shaklda,o'rin-joy,badiiy,ot,Usmoniylar yer yuzida adolat o'rnatishni bosh maqsad qilib oldilar. 
389,Yuziga,ko'makchi,post,Ko'm,vaz.ko'm,so'z shaklda,o'rin-joy,badiiy,ot,"Ko'k yuziga qadalgan yuduzimsan, yulduzim.Qo'shiqdan"
390,Yuzidan,ko'makchi,post,Ko'm,vaz.ko'm,so'z shaklda,sabab,badiiy,ot,Odob yuzidan gap qaytarmaydilar. Gazetadan
391,Yuzasidan,ko'makchi,post,Ko'm,vaz.ko'm,so'z shaklda,sabab,ilmiy,ot,"Valixon hurmat yuzasidan ta'zim qilib, unga haligi qog'ozni uzatdi. "
392,Yarasha,ko'makchi,post,Ko'm,vaz.ko'm,so'z shaklda,qiyoslash,so'zlashuv,," -Bizda ilg'orlar ishiga yarasha hurmatdaligini yaxshi bilasan , -dedi Yo'ldosh Saidga. A.Muxtor.Chinor."
393,Yakka,yuklama,part,Yukl,vaz.yukl,so'z shaklda,ayiruv-chegaralov,kitobiy,sifat,"Yolg'iz meni o'yla intizor, O'ylaringda men yashay yakka. R.Parfi"
394,Yana,yuklama,part,Yukl,vaz.yukl,so'z shaklda,kuchaytiruv-ta'kid,so'zlashuv,ravish,"Siz ham eski muallimga o'xshab ketib qolmang, yana.R.Tursun.O'qituvchi."
395,Ya'ni,bog'lovchi,conj,Bog'l,sof bog'l,so'z shaklda,aniqlov,kitobiy,,"Ota-onam orzusi ushalib, ilgarigi Nazirqul endi Nazir afandi, ya'ni o'qituvchi bo'lib qolgan edim. N.Safarov. Jasoratning davomi."
396,Ya'nikim,bog'lovchi,conj,Bog'l,sof bog'l,so'z shaklda,aniqlov,badiiy,," Dil ba yor-u, dast ba kor va ya'nikim, Dil yor bilan, qo'l ish bilan band bo'lsin. A.Suyun     "
397,Yaqin,ko'makchi,post,Ko'm,vaz.ko'm,so'z shaklda,daraja-miqdor,so'zlashuv,ravish,"Bir kuni ikki kishining  so'rog'iyaqin to'rt soat vaqtni oldi.A.Qahhor, Sarob."
398,Yaqiniga,ko'makchi,post,Ko'm,vaz.ko'm,so'z shaklda,o'rin-joy,kitobiy,ravish,"Ra'no kelinlarcha Anvarga salom qildi va jazb qilgandek, Anvarning yaqiniga borib to'xtadi. A.Qodiriy, Mehrobdan chayon"
399,Yaqinida,ko'makchi,post,Ko'm,vaz.ko'm,so'z shaklda,o'rin-joy,kitobiy,ravish,"Bu ikki xonalik uy yangi qurilayotgan maktab yaqinida. H.Nazar, So'nmas chaqmoqlar."
400,Yaqinidan,ko'makchi,post,Ko'm,vaz.ko'm,so'z shaklda,o'rin-joy,kitobiy,ravish,O'rtog'imning uylari yaqinidan soy oqib o'tadi. Gazetadan
401, -yey,yuklama,part,Yukl,vaz.yukl,qo'shimchasimon,kuchaytiruv-ta'kid,so'zlashuv,undov," Ko'chada sen bilan yetaklashib yuradigan xotinga balli-yey! - dedi Zumrad. S.Siyoyev, Otliq ayol."
402,Zab,yuklama,part,Yukl,vaz.yukl,so'z shaklda,kuchaytiruv-ta'kid,so'zlashuv,ravish," zab vaqtida keldingiz-da, -dedi bir kun Farmonqul aka Qobilovga. S.Mahkamov. Shogird."
403,Zap,yuklama,part,Yukl,sof yukl,so'z shaklda,kuchaytiruv-ta'kid,so'zlashuv,,"Baraka topkur, zap fayzli ayol-da, Bemorning og'rig'ini ikki og'iz so'z bilan tuzatvoradi-ya. S.Ahmad, Azroil o'tgan yo'llarda."
404,Zero,bog'lovchi,conj,Bog'l,sof bog'l,so'z shaklda,sabab,badiiy,,"Zero, xalq shunday bir daryoyi azimki, u toshsa, na shohning qasri, na darveshning kulbasi qolur. Oybek, Navoiy"
405,Zeroki,bog'lovchi,conj,Bog'l,sof bog'l,so'z shaklda,sabab,badiiy,,"Bu og'ir musibat bo'ldi, zeroki olimning ayriliqlarning eng yomonidir. I.Sulton, Alisher Navoiy."
406,Zinhor,yuklama,part,Yukl,sof yukl,so'z shaklda,inkor ,kitobiy,,"Birovning aybiga kulmagin zinhor, Sening ham aybingga kuluvchilar bor.Maqol"
407,Zora ,yuklama,part,Yukl,sof yukl,so'z shaklda,xohish-istak,so'zlashuv,,"Zora amirzodalar yarashishsa, juda ma'qul ish bo'lardi-da, - dedi Me'mor. Mirmuhsin, Me'mor."
408,Zora-mora,yuklama,part,Yukl,sof yukl,so'z shaklda,xohish-istak,so'zlashuv,,"Zora-mora xon bizga kattaroq in'om bersa, - debdi-da, shaharga jo'nab ketibdi. Oltin baliq(Ertakdan)"
409,O'lgur,yuklama,part,Yukl,vaz.yukl,so'z shaklda,kuchaytiruv-ta'kid,so'zlashuv,fe'l,"Rohilabuvi o'lgur, tikib kiyib olsa bo'ladimi? A.Qahhor. Qo'shchinor chiroqlari."
410,O'zga,ko'makchi,post,Ko'm,vaz.ko'm,so'z shaklda,ayiruv-chegaralov,so'zlashuv,sifat,"Qaydam buning to'g'ri-noto'g'riligini Oybek domla tirik bo'lganida , o'zlaridan so'rash mumkin edi - bugun esa ishonmoqdan o'zga chorangiz yo'q.E.A'zam, Jannat o'zi qaydadir."
411,O'rniga,ko'makchi,post,Ko'm,vaz.ko'm,so'z shaklda,zidlik-qiyos,so'zlashuv,ot,Lekin yechinish o'rniga shoshilib portfelini oldi. S. Zununova.
412,O'rnida,ko'makchi,post,Ko'm,vaz.ko'm,so'z shaklda,o'rin-joy,so'zlashuv,ot,Bu kunki qorachopon va qipchoq nizolarini sizga bir timsol o'rnida ko'rsatayin.A.Qodiriy. O'tkan kunlar
413,O'rningga,ko'makchi,post,Ko'm,vaz.ko'm,so'z shaklda,zidlik-qiyos,so'zlashuv,fe'l,"Sening o'rningga it boqsam bo'lmasmidi? S.Ahmad, Ufq"
414,O'rtada,ko'makchi,post,Ko'm,vaz.ko'm,so'z shaklda,o'rin-joy,so'zlashuv,ot,"Ikki o'rtada qizimga jabr bo'lmasa go'rga edi. I.Rahim, Chin muhabbat"
415,O'rtaga,ko'makchi,post,Ko'm,vaz.ko'm,so'z shaklda,o'rin-joy,so'zlashuv,ot,Er-xotin munosabatlarida o'rtaga begonalarning aralashuvi insoniylikdan emas.
416,O'rtadan ,ko'makchi,post,Ko'm,vaz.ko'm,so'z shaklda,o'rin-joy,so'zlashuv,ot,"Shu masalani o'rtadan ko'tarmasak ko'p tashvish keltiradigandek, nazarimda."
417,O'rtasiga,ko'makchi,post,Ko'm,vaz.ko'm,so'z shaklda,o'rin-joy,so'zlashuv,ot,"Gavhar shoshilmay o'tib Zulayxo bilan Abduxalilning o'rtasiga o'tirdi.O'.Hoshimov, Qalbingga quloq sol."
418,O'rtasida,ko'makchi,post,Ko'm,vaz.ko'm,so'z shaklda,o'rin-joy,so'zlashuv,ot,"Tojiboy qizining yo'qolganidan ko'ra odamlar o'rtasida isnodga qolishdan qo'rqardi. S.Zununova, Gulxan."
419,O'rtasidan,ko'makchi,post,Ko'm,vaz.ko'm,so'z shaklda,o'rin-joy,so'zlashuv,ot,"Shirmonjon olomon o'rtasidan sug'urilib chiqdi. S.Zununnova, Olov."
420,O'ta,yuklama,part,Yukl,sof yukl,so'z shaklda,kuchaytiruv-ta'kid,so'zlashuv,,"Iskandarning yetti nomusi yerga bukildi. Nazarida Otinoyi kelinining boshidan sochgan sochqilar ham, pishirgan moxorasi ham o'ta bachkana, o'ta g'arib ko'rinar edi.O'.Hoshimov, Hikoyalar"
421,O'xshab,ko'makchi,post,Ko'm,vaz.ko'm,so'z shaklda,o'xshatish,so'zlashuv,fe'l,"Podadan qochgan buzoqqa o'xshab, duch kelgan eshikka boshingni tiqaverasanmi?!Oybek. Tanlangan asarlar"
422,O'xshagan,ko'makchi,post,Ko'm,vaz.ko'm,so'z shaklda,o'xshatish,so'zlashuv,fe'l,"Yaqinroq borib qarasa, uning boshi qiyshaygan, chekkasidan uvadaga o'xshagan bir narsa chiqib turibdi. A.Qahhor, Oltin yulduz."
423,O'xshash,ko'makchi,post,Ko'm,vaz.ko'm,so'z shaklda,o'xshatish,so'zlashuv,sifat,"To'polon orasida xotinning surnayga o'xshash ingichka ovozi o'qtin-o'qtin eshitilib qolardi. S.Ahmad, Osmonning onasi."
424,G'arq,yuklama,part,Yukl,vaz.yukl,so'z shaklda,kuchaytiruv-ta'kid,kitobiy,fe'l,Hozir ayni g'arq pishiqchilik payti. Gazetadan
425,G'irt,yuklama,part,Yukl,sof yukl,so'z shaklda,kuchaytiruv-ta'kid,so'zlashuv,taqlid so'z,"Bittasi Avvalbek bo'lsa, u - g'irt piyonista.M.M.Do'st, Lolazor."
426,G'oyat,yuklama,part,Yukl,sof yukl,so'z shaklda,kuchaytiruv-ta'kid,badiiy,,"Uyimiz g'oyat shinam, Hammaga joy bor, Mehmonlar yulduz bo'lsa, o'rtada oy bor. Maqsud Shayxzoda."
427,G'oyatda,yuklama,part,Yukl,sof yukl,so'z shaklda,kuchaytiruv-ta'kid,badiiy,,"Umid g'oyatda xursand, orderni olgan kuniyoq darrov ko'chib ketdi. Mirmuhsin, Umid."
428,Shuning uchun,bog'lovchi,conj,Bog'l,vaz.bog'l,birikma shaklida,sabab,kitobiy,ko'makchili qurilma,"Meni oddiy yomg'ir deysiz, Bilmaysizki, sozandaman.Sozandani sevar hamma, Shuning uchun arzandaman.A.Obidjon."
429,Chandon,yuklama,part,Yukl,vaz.yukl,so'z shaklda,kuchaytiruv-ta'kid,badiiy,ravish,"Biroq u - ilg'angan asar.Ilg'angan-u unutilganlari yozilganlaridan chandon ko'p.I.Sulton, Hazrati Majoz."
430, -cha,yuklama,part,Yukl,vaz.yukl,qo'shimchasimon,kuchaytiruv-ta'kid,so'zlashuv,ot.erk.shakli,"Ana, ko'rmaysanmi, bu qanday do'ndiqcha! Shunaqa do'ndiqchasiga uylansam. Mirmuhsin, Umid."
431, -chi,yuklama,part,Yukl,sof yukl,qo'shimchasimon,so'roq-taajjub,so'zlashuv,," - Yomon niyat yoqmaydimi senga, o'sha paytda meni yomonotliq qilganlaring-chi? T.Malik, Xazonrezgi."
432, -chun,ko'makchi,post,Ko'm,sof ko'm,qo'shimchasimon,maqsad-sabab,badiiy,," Yurtim, seni faqat boyliklaring-chun Sevgan farzand bo'lsa, kechirma aslo!"
433,Chunki,bog'lovchi,conj,Bog'l,sof bog'l,so'z shaklda,sabab,betaraf,,"Ana Xidir polvonni chin erkak desa bo'ladi! Chunki ota-bovasining hunarini yerda qoldirmayapti. T.Murod, Yulduzlar mangu yonadi. "
434,Chegarasida,ko'makchi,post,Ko'm,vaz.ko'm,so'z shaklda,o'rin-joy,kitobiy,ot,Odob chegarasida gaplashgin..So'zlashuvdan
